UserID,total_courses,unique_categories,enrollment_span_days,preferred_category,preferred_level,avg_rating_enrolled,total_spending,avg_spending,diversity_score,Beginner_count,Intermediate_count,Advanced_count,learning_depth_index,Age,Gender,preferred_category_enc,preferred_level_enc,gender_enc
U0001,9,6,587,AI/ML,Advanced,3.8966666666666665,846.89,94.0988888888889,0.6666666665925925,3,3,3,0.3333333332962963,46,Male,0,0,1
U0002,18,6,673,Cybersecurity,Advanced,3.8527777777777774,1126.92,62.60666666666667,0.3333333333148148,6,5,7,0.3888888888672839,32,Male,3,0,1
U0003,0,0,0,Unknown,Unknown,0.0,0.0,0.0,0.0,0,0,0,0.0,25,Female,6,3,0
U0004,12,6,573,Cloud Computing,Intermediate,4.2,573.4,47.78333333333333,0.4999999999583333,3,5,4,0.3333333333055555,38,Female,2,2,0
U0005,10,7,506,AI/ML,Beginner,3.799,572.8,57.28,0.69999999993,5,2,3,0.29999999997,36,Other,0,1,2
U0006,5,4,200,Data Science,Intermediate,4.220000000000001,385.5,77.1,0.79999999984,2,3,0,0.0,40,Female,4,2,0
U0007,3,2,225,Design,Beginner,4.403333333333333,86.15,28.71666666666667,0.6666666664444444,2,1,0,0.0,28,Male,5,1,1
U0008,3,2,578,AI/ML,Beginner,3.733333333333334,95.23,31.743333333333336,0.6666666664444444,2,1,0,0.0,28,Male,0,1,1
U0009,11,6,687,AI/ML,Beginner,3.927272727272728,1106.57,100.59727272727272,0.5454545454049586,5,4,2,0.1818181818016528,41,Female,0,1,0
U0010,19,6,662,AI/ML,Beginner,3.8378947368421055,1264.63,66.55947368421052,0.31578947366759,7,6,6,0.31578947366759,53,Female,0,1,0
U0011,5,4,654,Cybersecurity,Beginner,3.858,415.97,83.194,0.79999999984,2,2,1,0.19999999996,41,Male,3,1,1
U0012,6,4,635,AI/ML,Advanced,4.135,519.6700000000001,86.61166666666668,0.6666666665555555,1,2,3,0.4999999999166666,20,Female,0,0,0
U0013,2,2,247,AI/ML,Advanced,3.985,246.02,123.01,0.9999999995,1,0,1,0.49999999975,39,Male,0,0,1
U0014,5,4,385,Web Developmen,Intermediate,4.037999999999999,361.14,72.228,0.79999999984,1,4,0,0.0,19,Female,7,2,0
U0015,11,6,593,AI/ML,Beginner,4.293636363636363,875.06,79.55090909090909,0.5454545454049586,5,2,4,0.3636363636033057,41,Male,0,1,1
U0016,10,6,696,AI/ML,Beginner,4.119,358.56,35.856,0.59999999994,5,2,3,0.29999999997,47,Male,0,1,1
U0017,7,5,616,Data Science,Beginner,4.185714285714285,328.84000000000003,46.97714285714286,0.7142857141836735,4,3,0,0.0,19,Male,4,1,1
U0018,8,5,503,Cybersecurity,Beginner,4.075,680.94,85.1175,0.624999999921875,4,2,2,0.24999999996875,38,Male,3,1,1
U0019,5,4,291,Cybersecurity,Intermediate,4.502,545.22,109.044,0.79999999984,1,3,1,0.19999999996,50,Male,3,2,1
U0020,0,0,0,Unknown,Unknown,0.0,0.0,0.0,0.0,0,0,0,0.0,29,Female,6,3,0
U0021,1,1,0,Cybersecurity,Advanced,3.45,0.0,0.0,0.999999999,0,0,1,0.999999999,39,Female,3,0,0
U0022,3,2,497,Data Science,Beginner,3.936666666666666,290.04,96.68,0.6666666664444444,2,0,1,0.3333333332222222,42,Female,4,1,0
U0023,7,4,499,Design,Beginner,4.101428571428571,696.21,99.45857142857145,0.5714285713469388,3,3,1,0.1428571428367347,44,Other,5,1,2
U0024,5,4,449,Cloud Computing,Advanced,3.702,427.56,85.51199999999999,0.79999999984,0,2,3,0.59999999988,45,Male,2,0,1
U0025,11,6,678,Design,Intermediate,4.066363636363636,879.41,79.94636363636363,0.5454545454049586,1,6,4,0.3636363636033057,33,Male,5,2,1
U0026,3,3,419,AI/ML,Advanced,3.4033333333333338,243.53,81.17666666666666,0.9999999996666666,1,0,2,0.6666666664444444,32,Female,0,0,0
U0027,5,4,535,AI/ML,Beginner,3.75,545.32,109.064,0.79999999984,2,2,1,0.19999999996,20,Male,0,1,1
U0028,1,1,0,Cloud Computing,Beginner,4.82,94.6,94.6,0.999999999,1,0,0,0.0,54,Other,2,1,2
U0029,3,3,398,AI/ML,Intermediate,3.793333333333333,269.83,89.94333333333333,0.9999999996666666,0,3,0,0.0,24,Male,0,2,1
U0030,11,6,668,Web Developmen,Beginner,4.159090909090909,751.84,68.34909090909092,0.5454545454049586,5,4,2,0.1818181818016528,38,Other,7,1,2
U0031,8,4,660,Web Developmen,Intermediate,4.14875,310.36,38.795,0.4999999999375,3,4,1,0.124999999984375,26,Male,7,2,1
U0032,2,2,534,AI/ML,Beginner,3.835,178.85,89.425,0.9999999995,1,1,0,0.0,35,Female,0,1,0
U0033,1,1,0,Cybersecurity,Intermediate,4.95,0.0,0.0,0.999999999,0,1,0,0.0,21,Female,3,2,0
U0034,0,0,0,Unknown,Unknown,0.0,0.0,0.0,0.0,0,0,0,0.0,42,Other,6,3,2
U0035,0,0,0,Unknown,Unknown,0.0,0.0,0.0,0.0,0,0,0,0.0,31,Male,6,3,1
U0036,11,6,620,AI/ML,Advanced,3.707272727272728,850.2,77.2909090909091,0.5454545454049586,3,4,4,0.3636363636033057,26,Female,0,0,0
U0037,1,1,0,Cybersecurity,Advanced,4.64,0.0,0.0,0.999999999,0,0,1,0.999999999,43,Other,3,0,2
U0038,1,1,0,Data Science,Beginner,4.51,155.76,155.76,0.999999999,1,0,0,0.0,19,Female,4,1,0
U0039,6,5,321,AI/ML,Beginner,3.731666666666667,512.59,85.43166666666667,0.8333333331944445,3,1,2,0.3333333332777777,37,Female,0,1,0
U0040,0,0,0,Unknown,Unknown,0.0,0.0,0.0,0.0,0,0,0,0.0,45,Female,6,3,0
U0041,3,2,282,Web Developmen,Beginner,4.1866666666666665,37.06,12.353333333333332,0.6666666664444444,2,0,1,0.3333333332222222,24,Male,7,1,1
U0042,2,2,121,AI/ML,Beginner,3.955,126.17,63.085,0.9999999995,2,0,0,0.0,25,Female,0,1,0
U0043,3,3,675,Cloud Computing,Advanced,3.82,192.22,64.07333333333334,0.9999999996666666,1,1,1,0.3333333332222222,52,Female,2,0,0
U0044,0,0,0,Unknown,Unknown,0.0,0.0,0.0,0.0,0,0,0,0.0,31,Female,6,3,0
U0045,10,6,634,Business,Beginner,4.023,633.49,63.349,0.59999999994,5,2,3,0.29999999997,34,Male,1,1,1
U0046,1,1,0,Business,Beginner,4.07,20.84,20.84,0.999999999,1,0,0,0.0,53,Male,1,1,1
U0047,18,7,673,AI/ML,Advanced,3.797222222222222,1241.74,68.98555555555555,0.3888888888672839,7,3,8,0.444444444419753,21,Female,0,0,0
U0048,4,4,556,AI/ML,Advanced,4.2925,490.06,122.515,0.99999999975,2,0,2,0.499999999875,19,Female,0,0,0
U0049,9,5,683,Data Science,Beginner,4.338888888888889,722.36,80.26222222222222,0.5555555554938272,5,2,2,0.2222222221975308,23,Male,4,1,1
U0050,5,3,369,Data Science,Intermediate,4.512,249.08,49.816,0.59999999988,2,3,0,0.0,21,Female,4,2,0
U0051,8,4,441,AI/ML,Advanced,3.81375,361.49,45.18625,0.4999999999375,2,3,3,0.374999999953125,46,Male,0,0,1
U0052,4,3,115,Cybersecurity,Advanced,3.815,475.41,118.8525,0.7499999998125,0,1,3,0.7499999998125,35,Male,3,0,1
U0053,6,5,486,Data Science,Advanced,3.846666666666666,413.6,68.93333333333334,0.8333333331944445,2,1,3,0.4999999999166666,43,Male,4,0,1
U0054,5,4,402,Cybersecurity,Advanced,3.998,585.86,117.172,0.79999999984,1,1,3,0.59999999988,51,Male,3,0,1
U0055,5,4,561,Business,Beginner,4.266,89.56,17.912,0.79999999984,3,1,1,0.19999999996,27,Female,1,1,0
U0056,10,5,688,Cybersecurity,Advanced,3.952,753.49,75.349,0.49999999995,3,3,4,0.39999999996,53,Male,3,0,1
U0057,1,1,0,AI/ML,Beginner,4.65,0.0,0.0,0.999999999,1,0,0,0.0,31,Other,0,1,2
U0058,2,2,461,AI/ML,Beginner,3.185,130.36,65.18,0.9999999995,1,1,0,0.0,48,Other,0,1,2
U0059,7,4,611,AI/ML,Advanced,3.7914285714285714,535.85,76.55,0.5714285713469388,3,1,3,0.4285714285102041,32,Female,0,0,0
U0060,7,4,710,Data Science,Beginner,4.164285714285714,413.69000000000005,59.09857142857144,0.5714285713469388,3,2,2,0.2857142856734694,25,Female,4,1,0
U0061,10,5,543,Cybersecurity,Beginner,3.815,888.56,88.856,0.49999999995,5,1,4,0.39999999996,31,Male,3,1,1
U0062,10,6,630,Data Science,Beginner,4.032,541.75,54.175,0.59999999994,5,2,3,0.29999999997,40,Female,4,1,0
U0063,25,7,693,Cybersecurity,Advanced,4.0764,2323.86,92.9544,0.2799999999888,6,7,12,0.4799999999808,38,Female,3,0,0
U0064,3,3,222,Business,Advanced,4.156666666666667,327.65,109.21666666666664,0.9999999996666666,1,0,2,0.6666666664444444,33,Male,1,0,1
U0065,2,2,656,Cybersecurity,Advanced,4.595,25.21,12.605,0.9999999995,1,0,1,0.49999999975,35,Female,3,0,0
U0066,2,2,177,Data Science,Advanced,3.905,259.31,129.655,0.9999999995,1,0,1,0.49999999975,41,Female,4,0,0
U0067,3,3,232,Cloud Computing,Beginner,3.9333333333333336,374.9,124.96666666666664,0.9999999996666666,2,1,0,0.0,43,Female,2,1,0
U0068,8,5,376,Data Science,Beginner,4.17625,693.41,86.67625,0.624999999921875,4,3,1,0.124999999984375,42,Female,4,1,0
U0069,0,0,0,Unknown,Unknown,0.0,0.0,0.0,0.0,0,0,0,0.0,46,Female,6,3,0
U0070,9,6,704,Cloud Computing,Advanced,3.81,705.69,78.41000000000001,0.6666666665925925,1,2,6,0.6666666665925925,32,Male,2,0,1
U0071,3,3,485,AI/ML,Advanced,3.573333333333333,279.39,93.13,0.9999999996666666,1,1,1,0.3333333332222222,18,Female,0,0,0
U0072,6,4,711,AI/ML,Advanced,3.896666666666667,812.11,135.35166666666666,0.6666666665555555,1,2,3,0.4999999999166666,42,Female,0,0,0
U0073,3,2,513,Design,Advanced,4.08,317.28,105.76,0.6666666664444444,1,0,2,0.6666666664444444,24,Male,5,0,1
U0074,3,3,505,AI/ML,Advanced,4.216666666666666,413.62,137.8733333333333,0.9999999996666666,1,0,2,0.6666666664444444,26,Male,0,0,1
U0075,1,1,0,Design,Beginner,3.13,127.8,127.8,0.999999999,1,0,0,0.0,41,Male,5,1,1
U0076,4,4,507,Cybersecurity,Advanced,4.3775,432.06,108.015,0.99999999975,1,1,2,0.499999999875,18,Female,3,0,0
U0077,0,0,0,Unknown,Unknown,0.0,0.0,0.0,0.0,0,0,0,0.0,25,Other,6,3,2
U0078,1,1,0,Cybersecurity,Beginner,3.51,34.86,34.86,0.999999999,1,0,0,0.0,41,Male,3,1,1
U0079,0,0,0,Unknown,Unknown,0.0,0.0,0.0,0.0,0,0,0,0.0,28,Female,6,3,0
U0080,1,1,0,AI/ML,Advanced,4.71,107.03,107.03,0.999999999,0,0,1,0.999999999,34,Male,0,0,1
U0081,3,3,548,Cloud Computing,Advanced,3.31,442.12,147.3733333333333,0.9999999996666666,1,0,2,0.6666666664444444,25,Other,2,0,2
U0082,8,6,357,AI/ML,Advanced,4.02125,619.0500000000001,77.38125000000001,0.74999999990625,2,3,3,0.374999999953125,52,Female,0,0,0
U0083,10,6,665,Data Science,Advanced,3.779,585.64,58.564,0.59999999994,3,1,6,0.59999999994,52,Female,4,0,0
U0084,1,1,0,Web Developmen,Beginner,4.44,0.0,0.0,0.999999999,1,0,0,0.0,50,Male,7,1,1
U0085,5,3,371,Cybersecurity,Advanced,4.326,102.99,20.598,0.59999999988,2,1,2,0.39999999992,22,Male,3,0,1
U0086,2,2,25,Business,Beginner,4.22,131.42,65.71,0.9999999995,1,1,0,0.0,45,Male,1,1,1
U0087,7,5,623,Cybersecurity,Advanced,4.182857142857143,415.64,59.37714285714286,0.7142857141836735,0,1,6,0.8571428570204082,24,Male,3,0,1
U0088,5,4,264,Cybersecurity,Beginner,3.996,65.41,13.082,0.79999999984,3,0,2,0.39999999992,26,Female,3,1,0
U0089,0,0,0,Unknown,Unknown,0.0,0.0,0.0,0.0,0,0,0,0.0,25,Female,6,3,0
U0090,7,6,561,Cybersecurity,Advanced,3.94,669.14,95.59142857142857,0.8571428570204082,3,1,3,0.4285714285102041,29,Other,3,0,2
U0091,3,1,452,Cybersecurity,Advanced,3.4933333333333336,187.92,62.63999999999999,0.3333333332222222,1,0,2,0.6666666664444444,51,Other,3,0,2
U0092,3,3,653,AI/ML,Intermediate,4.006666666666667,384.28,128.09333333333333,0.9999999996666666,0,3,0,0.0,50,Female,0,2,0
U0093,2,2,696,Data Science,Advanced,3.495,59.06,29.53,0.9999999995,0,1,1,0.49999999975,40,Female,4,0,0
U0094,3,3,434,Cybersecurity,Beginner,4.013333333333333,164.81,54.93666666666667,0.9999999996666666,2,0,1,0.3333333332222222,41,Female,3,1,0
U0095,9,5,574,Cybersecurity,Intermediate,3.866666666666666,474.45,52.71666666666667,0.5555555554938272,3,4,2,0.2222222221975308,54,Female,3,2,0
U0096,1,1,0,Design,Intermediate,4.05,24.76,24.76,0.999999999,0,1,0,0.0,52,Male,5,2,1
U0097,4,3,608,AI/ML,Beginner,3.9925,176.33,44.0825,0.7499999998125,3,0,1,0.2499999999375,39,Male,0,1,1
U0098,2,2,246,Data Science,Intermediate,3.1900000000000004,304.48,152.24,0.9999999995,0,2,0,0.0,44,Male,4,2,1
U0099,6,4,477,Data Science,Beginner,3.9,380.63,63.43833333333333,0.6666666665555555,3,3,0,0.0,52,Female,4,1,0
U0100,1,1,0,Web Developmen,Intermediate,4.64,110.91,110.91,0.999999999,0,1,0,0.0,18,Female,7,2,0
U0101,5,3,482,Web Developmen,Intermediate,4.023999999999999,529.4399999999999,105.888,0.59999999988,1,3,1,0.19999999996,52,Male,7,2,1
U0102,5,3,436,Cybersecurity,Beginner,3.75,443.05,88.61,0.59999999988,3,2,0,0.0,54,Female,3,1,0
U0103,17,6,667,Cybersecurity,Beginner,4.176470588235294,1287.78,75.75176470588235,0.352941176449827,7,6,4,0.235294117633218,31,Female,3,1,0
U0104,3,3,510,Business,Intermediate,3.953333333333333,12.08,4.026666666666666,0.9999999996666666,1,2,0,0.0,20,Male,1,2,1
U0105,5,4,569,Design,Advanced,3.826000000000001,391.96,78.392,0.79999999984,1,2,2,0.39999999992,18,Male,5,0,1
U0106,2,2,58,Cloud Computing,Advanced,4.05,230.71,115.355,0.9999999995,1,0,1,0.49999999975,22,Female,2,0,0
U0107,6,4,555,Cybersecurity,Advanced,4.59,732.6,122.1,0.6666666665555555,2,1,3,0.4999999999166666,43,Female,3,0,0
U0108,4,4,586,Cloud Computing,Advanced,3.7825,142.03,35.5075,0.99999999975,0,2,2,0.499999999875,31,Female,2,0,0
U0109,6,5,485,Web Developmen,Intermediate,3.768333333333333,813.53,135.58833333333334,0.8333333331944445,1,3,2,0.3333333332777777,44,Female,7,2,0
U0110,7,4,724,AI/ML,Intermediate,3.9257142857142857,735.44,105.06285714285715,0.5714285713469388,2,3,2,0.2857142856734694,26,Female,0,2,0
U0111,12,7,579,AI/ML,Beginner,3.983333333333333,968.67,80.72250000000001,0.5833333332847223,6,1,5,0.4166666666319444,32,Female,0,1,0
U0112,5,5,384,Cloud Computing,Beginner,3.848,381.76,76.352,0.9999999998,3,1,1,0.19999999996,32,Female,2,1,0
U0113,15,7,625,AI/ML,Advanced,3.862,958.51,63.900666666666666,0.4666666666355555,5,5,5,0.3333333333111111,43,Female,0,0,0
U0114,4,3,313,AI/ML,Advanced,3.3525,89.76,22.44,0.7499999998125,1,0,3,0.7499999998125,30,Male,0,0,1
U0115,5,3,603,Data Science,Advanced,3.618,468.58,93.716,0.59999999988,2,1,2,0.39999999992,49,Male,4,0,1
U0116,1,1,0,Business,Advanced,3.06,0.0,0.0,0.999999999,0,0,1,0.999999999,49,Male,1,0,1
U0117,26,7,623,AI/ML,Advanced,3.9588461538461535,1917.63,73.755,0.2692307692204142,9,6,11,0.4230769230606508,21,Female,0,0,0
U0118,1,1,0,Data Science,Beginner,3.26,140.09,140.09,0.999999999,1,0,0,0.0,47,Female,4,1,0
U0119,2,2,365,Data Science,Beginner,4.43,181.48,90.74,0.9999999995,1,1,0,0.0,54,Female,4,1,0
U0120,0,0,0,Unknown,Unknown,0.0,0.0,0.0,0.0,0,0,0,0.0,40,Male,6,3,1
U0121,5,3,637,Cybersecurity,Beginner,3.922,500.57,100.114,0.59999999988,3,2,0,0.0,32,Male,3,1,1
U0122,0,0,0,Unknown,Unknown,0.0,0.0,0.0,0.0,0,0,0,0.0,46,Male,6,3,1
U0123,0,0,0,Unknown,Unknown,0.0,0.0,0.0,0.0,0,0,0,0.0,53,Male,6,3,1
U0124,1,1,0,Web Developmen,Intermediate,4.55,143.36,143.36,0.999999999,0,1,0,0.0,30,Female,7,2,0
U0125,0,0,0,Unknown,Unknown,0.0,0.0,0.0,0.0,0,0,0,0.0,49,Male,6,3,1
U0126,4,3,263,Design,Advanced,3.7,168.54000000000002,42.135000000000005,0.7499999998125,2,0,2,0.499999999875,24,Male,5,0,1
U0127,5,4,438,Web Developmen,Advanced,4.48,423.42,84.684,0.79999999984,1,2,2,0.39999999992,39,Female,7,0,0
U0128,5,4,618,Design,Intermediate,4.032,268.43,53.686,0.79999999984,2,3,0,0.0,45,Male,5,2,1
U0129,1,1,0,Web Developmen,Advanced,4.2,56.72,56.72,0.999999999,0,0,1,0.999999999,19,Female,7,0,0
U0130,8,5,408,Cybersecurity,Advanced,3.69875,1039.38,129.9225,0.624999999921875,1,2,5,0.624999999921875,23,Female,3,0,0
U0131,0,0,0,Unknown,Unknown,0.0,0.0,0.0,0.0,0,0,0,0.0,45,Male,6,3,1
U0132,0,0,0,Unknown,Unknown,0.0,0.0,0.0,0.0,0,0,0,0.0,45,Female,6,3,0
U0133,23,6,644,AI/ML,Intermediate,3.844782608695653,1647.71,71.63956521739131,0.2608695652060491,8,9,6,0.2608695652060491,37,Female,0,2,0
U0134,3,3,655,Business,Beginner,3.6,117.41,39.13666666666666,0.9999999996666666,2,0,1,0.3333333332222222,47,Female,1,1,0
U0135,2,2,297,AI/ML,Advanced,4.015,31.25,15.625,0.9999999995,0,0,2,0.9999999995,28,Male,0,0,1
U0136,1,1,0,Cloud Computing,Advanced,4.68,24.63,24.63,0.999999999,0,0,1,0.999999999,45,Female,2,0,0
U0137,0,0,0,Unknown,Unknown,0.0,0.0,0.0,0.0,0,0,0,0.0,42,Female,6,3,0
U0138,4,4,501,AI/ML,Intermediate,4.1125,295.41,73.85249999999999,0.99999999975,0,3,1,0.2499999999375,50,Male,0,2,1
U0139,1,1,0,Cybersecurity,Advanced,4.77,74.57,74.57,0.999999999,0,0,1,0.999999999,18,Male,3,0,1
U0140,0,0,0,Unknown,Unknown,0.0,0.0,0.0,0.0,0,0,0,0.0,44,Other,6,3,2
U0141,2,2,171,Cloud Computing,Intermediate,4.275,195.93,97.965,0.9999999995,0,2,0,0.0,30,Female,2,2,0
U0142,11,6,646,Cybersecurity,Beginner,3.896363636363637,886.88,80.62545454545455,0.5454545454049586,6,1,4,0.3636363636033057,20,Male,3,1,1
U0143,8,4,706,Design,Intermediate,3.83375,859.24,107.405,0.4999999999375,2,4,2,0.24999999996875,23,Female,5,2,0
U0144,1,1,0,AI/ML,Intermediate,3.74,135.65,135.65,0.999999999,0,1,0,0.0,25,Male,0,2,1
U0145,1,1,0,Data Science,Beginner,3.26,50.02,50.02,0.999999999,1,0,0,0.0,44,Male,4,1,1
U0146,9,5,508,Web Developmen,Beginner,3.9366666666666665,866.47,96.27444444444444,0.5555555554938272,4,4,1,0.1111111110987654,26,Male,7,1,1
U0147,0,0,0,Unknown,Unknown,0.0,0.0,0.0,0.0,0,0,0,0.0,54,Male,6,3,1
U0148,4,3,314,Cybersecurity,Advanced,3.865,194.54,48.635000000000005,0.7499999998125,2,0,2,0.499999999875,50,Male,3,0,1
U0149,20,6,697,Cybersecurity,Intermediate,4.0385,1087.14,54.35699999999999,0.299999999985,6,9,5,0.2499999999875,41,Male,3,2,1
U0150,3,2,256,Web Developmen,Intermediate,4.293333333333333,417.73,139.24333333333334,0.6666666664444444,1,2,0,0.0,32,Female,7,2,0
U0151,4,4,214,AI/ML,Beginner,4.1675,591.05,147.7625,0.99999999975,2,2,0,0.0,49,Male,0,1,1
U0152,19,7,663,Cybersecurity,Advanced,4.068947368421052,1861.43,97.97,0.3684210526121884,5,7,7,0.3684210526121884,49,Male,3,0,1
U0153,3,3,105,Business,Beginner,4.41,286.75,95.58333333333331,0.9999999996666666,2,0,1,0.3333333332222222,41,Female,1,1,0
U0154,0,0,0,Unknown,Unknown,0.0,0.0,0.0,0.0,0,0,0,0.0,29,Male,6,3,1
U0155,1,1,0,Web Developmen,Intermediate,4.59,163.13,163.13,0.999999999,0,1,0,0.0,19,Female,7,2,0
U0156,5,3,515,Cybersecurity,Intermediate,3.924,359.38,71.876,0.59999999988,0,3,2,0.39999999992,20,Male,3,2,1
U0157,13,6,617,Web Developmen,Advanced,4.103076923076923,1071.83,82.44846153846153,0.4615384615029586,4,4,5,0.3846153845857988,54,Male,7,0,1
U0158,10,6,628,AI/ML,Advanced,3.874,771.94,77.194,0.59999999994,3,3,4,0.39999999996,34,Male,0,0,1
U0159,0,0,0,Unknown,Unknown,0.0,0.0,0.0,0.0,0,0,0,0.0,19,Male,6,3,1
U0160,14,6,689,Data Science,Beginner,3.998571428571428,1021.33,72.95214285714286,0.4285714285408163,7,4,3,0.2142857142704081,19,Male,4,1,1
U0161,19,6,593,Cybersecurity,Beginner,3.837368421052632,1562.86,82.2557894736842,0.31578947366759,7,6,6,0.31578947366759,45,Male,3,1,1
U0162,6,5,385,Cybersecurity,Advanced,4.01,424.2,70.7,0.8333333331944445,1,2,3,0.4999999999166666,40,Male,3,0,1
U0163,14,7,627,AI/ML,Beginner,3.775,761.05,54.36071428571428,0.4999999999642857,5,5,4,0.2857142856938775,54,Male,0,1,1
U0164,6,5,471,Cybersecurity,Beginner,4.285,575.4200000000001,95.90333333333336,0.8333333331944445,3,2,1,0.1666666666388888,49,Male,3,1,1
U0165,8,3,357,Web Developmen,Intermediate,4.15625,574.34,71.7925,0.374999999953125,1,4,3,0.374999999953125,50,Male,7,2,1
U0166,5,4,485,Web Developmen,Advanced,4.266,290.88,58.176,0.79999999984,1,2,2,0.39999999992,18,Male,7,0,1
U0167,0,0,0,Unknown,Unknown,0.0,0.0,0.0,0.0,0,0,0,0.0,36,Female,6,3,0
U0168,2,2,135,Data Science,Intermediate,3.68,377.97,188.985,0.9999999995,0,2,0,0.0,19,Female,4,2,0
U0169,8,5,650,Data Science,Beginner,3.52,431.13,53.89125,0.624999999921875,3,3,2,0.24999999996875,43,Male,4,1,1
U0170,1,1,0,Web Developmen,Intermediate,4.59,145.51,145.51,0.999999999,0,1,0,0.0,49,Female,7,2,0
U0171,13,7,591,Cybersecurity,Intermediate,4.053076923076923,969.96,74.6123076923077,0.5384615384201183,4,5,4,0.307692307668639,23,Female,3,2,0
U0172,19,6,576,Cybersecurity,Beginner,3.992105263157895,1520.33,80.01736842105262,0.31578947366759,9,4,6,0.31578947366759,49,Male,3,1,1
U0173,12,6,556,Data Science,Beginner,3.98,691.61,57.634166666666665,0.4999999999583333,8,2,2,0.1666666666527777,21,Female,4,1,0
U0174,0,0,0,Unknown,Unknown,0.0,0.0,0.0,0.0,0,0,0,0.0,28,Female,6,3,0
U0175,0,0,0,Unknown,Unknown,0.0,0.0,0.0,0.0,0,0,0,0.0,34,Male,6,3,1
U0176,0,0,0,Unknown,Unknown,0.0,0.0,0.0,0.0,0,0,0,0.0,41,Male,6,3,1
U0177,2,2,187,AI/ML,Advanced,4.17,168.51,84.255,0.9999999995,1,0,1,0.49999999975,22,Female,0,0,0
U0178,11,6,629,Web Developmen,Beginner,3.933636363636364,833.53,75.77545454545454,0.5454545454049586,5,4,2,0.1818181818016528,51,Female,7,1,0
U0179,8,5,457,Business,Advanced,4.01375,718.14,89.7675,0.624999999921875,2,2,4,0.4999999999375,23,Male,1,0,1
U0180,2,1,329,Web Developmen,Beginner,4.345,172.72,86.36,0.49999999975,2,0,0,0.0,39,Male,7,1,1
U0181,17,6,715,AI/ML,Beginner,3.972352941176471,1671.68,98.33411764705885,0.352941176449827,6,6,5,0.2941176470415225,28,Male,0,1,1
U0182,14,6,581,AI/ML,Advanced,4.0442857142857145,736.09,52.57785714285715,0.4285714285408163,3,4,7,0.4999999999642857,33,Female,0,0,0
U0183,0,0,0,Unknown,Unknown,0.0,0.0,0.0,0.0,0,0,0,0.0,50,Female,6,3,0
U0184,10,6,691,AI/ML,Advanced,3.672,1086.67,108.667,0.59999999994,2,3,5,0.49999999995,26,Male,0,0,1
U0185,6,5,565,Cybersecurity,Beginner,4.446666666666666,566.5699999999999,94.42833333333331,0.8333333331944445,3,2,1,0.1666666666388888,23,Male,3,1,1
U0186,3,3,251,Business,Intermediate,3.453333333333333,529.09,176.36333333333334,0.9999999996666666,0,2,1,0.3333333332222222,33,Female,1,2,0
U0187,4,3,481,Cloud Computing,Beginner,4.324999999999999,38.5,9.625,0.7499999998125,2,1,1,0.2499999999375,46,Male,2,1,1
U0188,1,1,0,Cloud Computing,Intermediate,3.77,0.0,0.0,0.999999999,0,1,0,0.0,20,Male,2,2,1
U0189,8,6,642,Cybersecurity,Beginner,3.99625,508.2,63.525,0.74999999990625,4,3,1,0.124999999984375,37,Female,3,1,0
U0190,3,3,267,Business,Beginner,3.53,217.41,72.47,0.9999999996666666,2,0,1,0.3333333332222222,53,Female,1,1,0
U0191,5,4,690,Web Developmen,Advanced,4.026,428.96,85.792,0.79999999984,1,2,2,0.39999999992,36,Female,7,0,0
U0192,3,2,215,Cloud Computing,Intermediate,3.876666666666667,170.83,56.943333333333335,0.6666666664444444,0,3,0,0.0,43,Female,2,2,0
U0193,7,4,544,AI/ML,Beginner,4.272857142857143,604.36,86.33714285714287,0.5714285713469388,3,3,1,0.1428571428367347,20,Male,0,1,1
U0194,5,3,465,AI/ML,Advanced,3.828,87.15,17.43,0.59999999988,2,1,2,0.39999999992,36,Male,0,0,1
U0195,5,3,392,Cybersecurity,Advanced,3.692,467.9,93.58,0.59999999988,2,1,2,0.39999999992,37,Female,3,0,0
U0196,5,4,459,Web Developmen,Intermediate,4.414,271.17999999999995,54.23599999999999,0.79999999984,1,3,1,0.19999999996,49,Male,7,2,1
U0197,0,0,0,Unknown,Unknown,0.0,0.0,0.0,0.0,0,0,0,0.0,24,Male,6,3,1
U0198,5,3,475,AI/ML,Advanced,3.652,302.68,60.536,0.59999999988,1,2,2,0.39999999992,50,Male,0,0,1
U0199,1,1,0,Cybersecurity,Advanced,4.64,0.0,0.0,0.999999999,0,0,1,0.999999999,35,Male,3,0,1
U0200,6,4,388,Cybersecurity,Advanced,3.9916666666666663,133.43,22.238333333333333,0.6666666665555555,2,2,2,0.3333333332777777,18,Male,3,0,1
U0201,7,5,484,Cybersecurity,Advanced,4.3342857142857145,679.49,97.07,0.7142857141836735,1,3,3,0.4285714285102041,28,Male,3,0,1
U0202,8,5,703,Cloud Computing,Intermediate,3.65125,830.77,103.84625,0.624999999921875,1,5,2,0.24999999996875,45,Male,2,2,1
U0203,7,4,483,Web Developmen,Intermediate,4.328571428571428,614.56,87.7942857142857,0.5714285713469388,2,4,1,0.1428571428367347,42,Male,7,2,1
U0204,23,7,689,Cybersecurity,Advanced,4.019130434782609,1537.17,66.83347826086957,0.304347826073724,9,5,9,0.3913043478090737,40,Female,3,0,0
U0205,6,5,406,AI/ML,Advanced,4.315,586.25,97.70833333333331,0.8333333331944445,2,0,4,0.6666666665555555,48,Female,0,0,0
U0206,11,6,657,AI/ML,Beginner,3.878181818181818,894.66,81.33272727272727,0.5454545454049586,5,4,2,0.1818181818016528,47,Female,0,1,0
U0207,8,4,619,AI/ML,Advanced,4.04125,697.54,87.1925,0.4999999999375,2,0,6,0.74999999990625,52,Female,0,0,0
U0208,1,1,0,Data Science,Beginner,4.51,122.54,122.54,0.999999999,1,0,0,0.0,24,Female,4,1,0
U0209,1,1,0,Data Science,Beginner,3.26,133.53,133.53,0.999999999,1,0,0,0.0,33,Male,4,1,1
U0210,5,3,509,Business,Beginner,4.176,386.85,77.37,0.59999999988,2,2,1,0.19999999996,43,Female,1,1,0
U0211,2,1,339,Cybersecurity,Intermediate,3.315,126.37,63.185,0.49999999975,0,2,0,0.0,19,Female,3,2,0
U0212,2,2,9,Cloud Computing,Beginner,4.23,185.97000000000003,92.985,0.9999999995,1,1,0,0.0,18,Female,2,1,0
U0213,5,3,591,AI/ML,Advanced,3.738,564.1600000000001,112.83200000000002,0.59999999988,2,0,3,0.59999999988,29,Male,0,0,1
U0214,5,4,458,Cybersecurity,Beginner,3.61,326.59000000000003,65.31800000000001,0.79999999984,3,0,2,0.39999999992,22,Male,3,1,1
U0215,9,4,664,Web Developmen,Intermediate,4.072222222222222,536.1700000000001,59.57444444444445,0.4444444443950617,3,5,1,0.1111111110987654,54,Male,7,2,1
U0216,9,5,622,Web Developmen,Advanced,3.938888888888889,867.67,96.40777777777777,0.5555555554938272,2,3,4,0.4444444443950617,49,Male,7,0,1
U0217,4,4,598,AI/ML,Intermediate,3.6375,331.21,82.8025,0.99999999975,0,3,1,0.2499999999375,26,Female,0,2,0
U0218,14,7,720,AI/ML,Advanced,3.821428571428572,1398.39,99.885,0.4999999999642857,5,4,5,0.3571428571173469,52,Female,0,0,0
U0219,4,3,294,Cybersecurity,Advanced,4.195,71.34,17.835,0.7499999998125,2,0,2,0.499999999875,36,Male,3,0,1
U0220,10,6,611,AI/ML,Beginner,3.64,818.77,81.877,0.59999999994,4,3,3,0.29999999997,33,Other,0,1,2
U0221,0,0,0,Unknown,Unknown,0.0,0.0,0.0,0.0,0,0,0,0.0,20,Female,6,3,0
U0222,20,6,600,Web Developmen,Intermediate,4.142,1359.11,67.9555,0.299999999985,6,8,6,0.299999999985,37,Male,7,2,1
U0223,8,5,361,Cybersecurity,Beginner,3.79625,464.3,58.0375,0.624999999921875,5,1,2,0.24999999996875,41,Male,3,1,1
U0224,1,1,0,Business,Advanced,3.14,197.57,197.57,0.999999999,0,0,1,0.999999999,50,Male,1,0,1
U0225,3,2,207,AI/ML,Advanced,3.516666666666667,35.45,11.816666666666668,0.6666666664444444,1,0,2,0.6666666664444444,41,Male,0,0,1
U0226,6,4,392,AI/ML,Advanced,3.965,525.73,87.62166666666667,0.6666666665555555,2,2,2,0.3333333332777777,28,Male,0,0,1
U0227,1,1,0,Business,Beginner,4.52,0.0,0.0,0.999999999,1,0,0,0.0,25,Male,1,1,1
U0228,1,1,0,Data Science,Beginner,3.26,194.27,194.27,0.999999999,1,0,0,0.0,53,Male,4,1,1
U0229,5,4,562,AI/ML,Beginner,4.258,409.19,81.838,0.79999999984,3,1,1,0.19999999996,37,Male,0,1,1
U0230,6,5,354,Design,Beginner,4.085,686.23,114.37166666666668,0.8333333331944445,4,1,1,0.1666666666388888,52,Female,5,1,0
U0231,8,4,630,Cybersecurity,Advanced,3.5625,359.48,44.935,0.4999999999375,3,0,5,0.624999999921875,42,Male,3,0,1
U0232,14,7,682,Web Developmen,Beginner,4.118571428571428,1255.65,89.68928571428572,0.4999999999642857,5,5,4,0.2857142856938775,52,Female,7,1,0
U0233,3,2,217,Business,Beginner,4.036666666666666,69.22,23.07333333333333,0.6666666664444444,2,0,1,0.3333333332222222,42,Male,1,1,1
U0234,5,4,408,Data Science,Intermediate,3.618,270.32,54.064,0.79999999984,1,4,0,0.0,46,Other,4,2,2
U0235,0,0,0,Unknown,Unknown,0.0,0.0,0.0,0.0,0,0,0,0.0,35,Male,6,3,1
U0236,3,3,316,Cybersecurity,Intermediate,4.666666666666667,32.44,10.813333333333333,0.9999999996666666,1,2,0,0.0,35,Male,3,2,1
U0237,3,3,271,Cybersecurity,Advanced,4.596666666666667,257.9,85.96666666666665,0.9999999996666666,1,1,1,0.3333333332222222,19,Other,3,0,2
U0238,14,6,698,Cybersecurity,Beginner,3.7457142857142856,1307.79,93.41357142857144,0.4285714285408163,6,4,4,0.2857142856938775,52,Female,3,1,0
U0239,10,6,631,Cybersecurity,Advanced,3.824,600.38,60.038,0.59999999994,3,2,5,0.49999999995,33,Female,3,0,0
U0240,4,4,365,AI/ML,Intermediate,4.1875,324.78000000000003,81.19500000000001,0.99999999975,1,2,1,0.2499999999375,53,Male,0,2,1
U0241,1,1,0,Design,Intermediate,4.64,48.17,48.17,0.999999999,0,1,0,0.0,50,Male,5,2,1
U0242,8,6,608,Business,Advanced,3.84125,658.96,82.37,0.74999999990625,3,2,3,0.374999999953125,21,Female,1,0,0
U0243,4,2,428,Design,Advanced,3.825,323.1,80.775,0.499999999875,1,1,2,0.499999999875,50,Female,5,0,0
U0244,3,3,215,Business,Intermediate,4.01,209.6,69.86666666666667,0.9999999996666666,1,2,0,0.0,31,Female,1,2,0
U0245,3,3,381,AI/ML,Advanced,3.896666666666667,137.72,45.906666666666666,0.9999999996666666,1,1,1,0.3333333332222222,38,Female,0,0,0
U0246,13,6,673,Web Developmen,Beginner,3.996153846153846,1238.87,95.2976923076923,0.4615384615029586,7,4,2,0.1538461538343195,37,Male,7,1,1
U0247,0,0,0,Unknown,Unknown,0.0,0.0,0.0,0.0,0,0,0,0.0,25,Female,6,3,0
U0248,13,6,659,AI/ML,Intermediate,3.887692307692308,911.04,70.08,0.4615384615029586,4,5,4,0.307692307668639,24,Male,0,2,1
U0249,4,4,501,AI/ML,Advanced,3.825,491.4500000000001,122.8625,0.99999999975,1,1,2,0.499999999875,20,Male,0,0,1
U0250,0,0,0,Unknown,Unknown,0.0,0.0,0.0,0.0,0,0,0,0.0,34,Male,6,3,1
U0251,14,7,676,AI/ML,Advanced,4.277142857142858,1047.52,74.82285714285715,0.4999999999642857,4,5,5,0.3571428571173469,50,Female,0,0,0
U0252,4,4,628,AI/ML,Intermediate,4.13,424.07,106.0175,0.99999999975,1,2,1,0.2499999999375,29,Male,0,2,1
U0253,2,2,176,AI/ML,Advanced,3.53,103.59,51.795,0.9999999995,0,1,1,0.49999999975,39,Male,0,0,1
U0254,0,0,0,Unknown,Unknown,0.0,0.0,0.0,0.0,0,0,0,0.0,39,Female,6,3,0
U0255,0,0,0,Unknown,Unknown,0.0,0.0,0.0,0.0,0,0,0,0.0,47,Male,6,3,1
U0256,11,5,564,AI/ML,Beginner,3.8845454545454543,764.94,69.54,0.4545454545041322,6,1,4,0.3636363636033057,25,Female,0,1,0
U0257,7,5,621,AI/ML,Advanced,3.652857142857143,492.3200000000001,70.33142857142857,0.7142857141836735,3,0,4,0.5714285713469388,44,Male,0,0,1
U0258,5,4,370,Cybersecurity,Advanced,4.016,223.18,44.636,0.79999999984,2,1,2,0.39999999992,44,Female,3,0,0
U0259,5,5,576,AI/ML,Intermediate,3.986,107.7,21.54,0.9999999998,0,4,1,0.19999999996,51,Female,0,2,0
U0260,3,2,118,Web Developmen,Advanced,4.1466666666666665,541.62,180.54,0.6666666664444444,1,1,1,0.3333333332222222,38,Male,7,0,1
U0261,1,1,0,Cybersecurity,Advanced,4.77,157.54,157.54,0.999999999,0,0,1,0.999999999,47,Male,3,0,1
U0262,3,2,646,Business,Advanced,4.126666666666666,215.55,71.85000000000001,0.6666666664444444,0,1,2,0.6666666664444444,50,Male,1,0,1
U0263,22,7,709,Web Developmen,Beginner,4.214090909090909,1458.46,66.29363636363637,0.3181818181673553,10,5,7,0.3181818181673553,45,Male,7,1,1
U0264,13,7,653,Cybersecurity,Beginner,4.106153846153847,1184.86,91.14307692307692,0.5384615384201183,7,1,5,0.3846153845857988,50,Other,3,1,2
U0265,5,3,420,Web Developmen,Intermediate,4.356,330.53000000000003,66.10600000000001,0.59999999988,1,3,1,0.19999999996,22,Male,7,2,1
U0266,2,2,152,Data Science,Beginner,4.324999999999999,189.14,94.57,0.9999999995,2,0,0,0.0,36,Female,4,1,0
U0267,4,3,392,AI/ML,Intermediate,4.495,206.87,51.7175,0.7499999998125,1,2,1,0.2499999999375,21,Male,0,2,1
U0268,8,4,653,Web Developmen,Beginner,4.16875,981.13,122.64125,0.4999999999375,4,2,2,0.24999999996875,52,Female,7,1,0
U0269,15,6,617,Cybersecurity,Intermediate,3.970666666666667,1790.95,119.39666666666668,0.3999999999733333,4,7,4,0.2666666666488889,34,Female,3,2,0
U0270,7,6,422,Data Science,Intermediate,3.5857142857142854,600.87,85.83857142857143,0.8571428570204082,1,4,2,0.2857142856734694,45,Female,4,2,0
U0271,11,6,515,Cybersecurity,Beginner,4.083636363636364,950.79,86.43545454545455,0.5454545454049586,6,2,3,0.2727272727024793,47,Male,3,1,1
U0272,5,4,596,AI/ML,Beginner,3.954,173.12,34.624,0.79999999984,3,2,0,0.0,46,Male,0,1,1
U0273,0,0,0,Unknown,Unknown,0.0,0.0,0.0,0.0,0,0,0,0.0,23,Male,6,3,1
U0274,3,2,456,Web Developmen,Intermediate,3.96,113.75,37.91666666666666,0.6666666664444444,0,2,1,0.3333333332222222,52,Female,7,2,0
U0275,0,0,0,Unknown,Unknown,0.0,0.0,0.0,0.0,0,0,0,0.0,54,Female,6,3,0
U0276,3,3,430,AI/ML,Advanced,3.803333333333333,416.51,138.83666666666667,0.9999999996666666,0,0,3,0.9999999996666666,41,Other,0,0,2
U0277,11,7,564,Cybersecurity,Beginner,4.102727272727273,927.07,84.2790909090909,0.6363636363057851,5,4,2,0.1818181818016528,46,Male,3,1,1
U0278,4,3,567,Web Developmen,Beginner,4.1475,309.67,77.41749999999999,0.7499999998125,3,0,1,0.2499999999375,48,Female,7,1,0
U0279,4,3,576,Business,Advanced,4.2025,273.42,68.35499999999999,0.7499999998125,0,1,3,0.7499999998125,52,Female,1,0,0
U0280,3,3,315,Business,Intermediate,3.573333333333333,296.37,98.79,0.9999999996666666,1,2,0,0.0,50,Male,1,2,1
U0281,1,1,0,Cybersecurity,Advanced,4.77,192.62,192.62,0.999999999,0,0,1,0.999999999,38,Male,3,0,1
U0282,2,2,36,Business,Beginner,4.555,108.62,54.31,0.9999999995,1,1,0,0.0,49,Female,1,1,0
U0283,1,1,0,Design,Advanced,3.29,0.0,0.0,0.999999999,0,0,1,0.999999999,40,Female,5,0,0
U0284,7,4,656,Data Science,Beginner,4.261428571428572,643.06,91.86571428571428,0.5714285713469388,4,2,1,0.1428571428367347,50,Female,4,1,0
U0285,2,1,202,Cybersecurity,Advanced,3.32,189.4,94.7,0.49999999975,0,1,1,0.49999999975,20,Male,3,0,1
U0286,5,4,419,Web Developmen,Advanced,3.972,378.28,75.65599999999999,0.79999999984,1,1,3,0.59999999988,35,Female,7,0,0
U0287,0,0,0,Unknown,Unknown,0.0,0.0,0.0,0.0,0,0,0,0.0,42,Male,6,3,1
U0288,0,0,0,Unknown,Unknown,0.0,0.0,0.0,0.0,0,0,0,0.0,48,Male,6,3,1
U0289,1,1,0,Design,Advanced,3.6,75.75,75.75,0.999999999,0,0,1,0.999999999,20,Male,5,0,1
U0290,6,3,483,Cybersecurity,Advanced,3.723333333333333,337.06,56.17666666666667,0.4999999999166666,3,0,3,0.4999999999166666,41,Female,3,0,0
U0291,9,4,638,AI/ML,Beginner,4.142222222222222,601.66,66.85111111111111,0.4444444443950617,4,2,3,0.3333333332962963,49,Female,0,1,0
U0292,3,3,210,AI/ML,Advanced,4.353333333333333,127.78,42.59333333333333,0.9999999996666666,0,1,2,0.6666666664444444,39,Female,0,0,0
U0293,4,3,326,Data Science,Intermediate,3.825,228.75,57.1875,0.7499999998125,0,3,1,0.2499999999375,40,Male,4,2,1
U0294,5,5,673,AI/ML,Beginner,3.786,186.26,37.252,0.9999999998,2,2,1,0.19999999996,19,Female,0,1,0
U0295,0,0,0,Unknown,Unknown,0.0,0.0,0.0,0.0,0,0,0,0.0,44,Male,6,3,1
U0296,3,2,620,Data Science,Beginner,3.713333333333333,252.54,84.17999999999999,0.6666666664444444,3,0,0,0.0,19,Female,4,1,0
U0297,11,4,662,Cybersecurity,Advanced,3.871818181818182,704.8599999999999,64.0781818181818,0.3636363636033057,3,2,6,0.5454545454049586,43,Male,3,0,1
U0298,8,4,427,AI/ML,Advanced,3.5925,466.64,58.33,0.4999999999375,2,3,3,0.374999999953125,34,Male,0,0,1
U0299,1,1,0,Cybersecurity,Intermediate,3.31,102.76,102.76,0.999999999,0,1,0,0.0,50,Male,3,2,1
U0300,9,6,529,Business,Advanced,4.153333333333332,704.61,78.29,0.6666666665925925,3,2,4,0.4444444443950617,26,Male,1,0,1
U0301,7,5,593,Cybersecurity,Beginner,3.721428571428572,635.93,90.84714285714286,0.7142857141836735,3,2,2,0.2857142856734694,46,Female,3,1,0
U0302,3,3,344,AI/ML,Advanced,4.26,372.76,124.25333333333332,0.9999999996666666,0,0,3,0.9999999996666666,43,Female,0,0,0
U0303,5,4,470,Design,Beginner,3.68,257.55,51.510000000000005,0.79999999984,2,2,1,0.19999999996,52,Male,5,1,1
U0304,5,3,611,Cybersecurity,Beginner,4.324,165.0,33.0,0.59999999988,3,1,1,0.19999999996,42,Female,3,1,0
U0305,6,3,486,Web Developmen,Beginner,4.2283333333333335,293.82,48.97,0.4999999999166666,4,1,1,0.1666666666388888,41,Male,7,1,1
U0306,5,4,572,Cybersecurity,Advanced,4.119999999999999,320.98,64.196,0.79999999984,2,1,2,0.39999999992,30,Female,3,0,0
U0307,2,2,349,Data Science,Intermediate,3.795,144.75,72.375,0.9999999995,0,2,0,0.0,24,Female,4,2,0
U0308,4,3,637,Cybersecurity,Intermediate,3.9625,398.41,99.6025,0.7499999998125,1,2,1,0.2499999999375,53,Female,3,2,0
U0309,1,1,0,AI/ML,Intermediate,3.74,178.56,178.56,0.999999999,0,1,0,0.0,37,Male,0,2,1
U0310,14,6,680,Web Developmen,Beginner,4.134285714285714,894.19,63.87071428571429,0.4285714285408163,6,4,4,0.2857142856938775,18,Female,7,1,0
U0311,7,4,488,AI/ML,Beginner,3.51,414.87,59.26714285714286,0.5714285713469388,5,0,2,0.2857142856734694,25,Female,0,1,0
U0312,0,0,0,Unknown,Unknown,0.0,0.0,0.0,0.0,0,0,0,0.0,33,Male,6,3,1
U0313,12,6,636,AI/ML,Beginner,4.1691666666666665,519.73,43.310833333333335,0.4999999999583333,5,5,2,0.1666666666527777,31,Male,0,1,1
U0314,2,2,210,AI/ML,Beginner,4.19,0.0,0.0,0.9999999995,2,0,0,0.0,29,Female,0,1,0
U0315,5,2,522,AI/ML,Beginner,3.778,425.84,85.168,0.39999999992,3,1,1,0.19999999996,40,Female,0,1,0
U0316,12,6,623,Cybersecurity,Advanced,3.9616666666666656,592.26,49.355,0.4999999999583333,2,4,6,0.4999999999583333,32,Female,3,0,0
U0317,3,2,454,Web Developmen,Intermediate,4.553333333333334,235.07,78.35666666666667,0.6666666664444444,1,2,0,0.0,45,Female,7,2,0
U0318,2,2,37,AI/ML,Beginner,3.53,142.42,71.21,0.9999999995,2,0,0,0.0,51,Female,0,1,0
U0319,1,1,0,AI/ML,Intermediate,3.74,80.41,80.41,0.999999999,0,1,0,0.0,19,Male,0,2,1
U0320,1,1,0,Cloud Computing,Intermediate,3.77,0.0,0.0,0.999999999,0,1,0,0.0,49,Male,2,2,1
U0321,2,2,320,Business,Advanced,3.75,0.0,0.0,0.9999999995,1,0,1,0.49999999975,40,Male,1,0,1
U0322,3,3,214,Business,Advanced,3.853333333333333,223.08,74.36,0.9999999996666666,1,0,2,0.6666666664444444,39,Female,1,0,0
U0323,21,7,682,Design,Advanced,4.109523809523809,1889.39,89.97095238095237,0.3333333333174603,8,3,10,0.4761904761678004,42,Male,5,0,1
U0324,3,3,368,Business,Beginner,4.37,252.58,84.19333333333333,0.9999999996666666,2,1,0,0.0,39,Female,1,1,0
U0325,4,3,389,AI/ML,Beginner,4.3325000000000005,34.11,8.5275,0.7499999998125,3,1,0,0.0,39,Female,0,1,0
U0326,4,4,445,AI/ML,Intermediate,4.39,199.63,49.9075,0.99999999975,1,2,1,0.2499999999375,23,Female,0,2,0
U0327,0,0,0,Unknown,Unknown,0.0,0.0,0.0,0.0,0,0,0,0.0,32,Male,6,3,1
U0328,15,6,694,AI/ML,Intermediate,3.9646666666666666,1187.94,79.196,0.3999999999733333,5,7,3,0.1999999999866666,54,Female,0,2,0
U0329,5,4,632,Design,Advanced,3.638,480.15,96.03,0.79999999984,1,2,2,0.39999999992,50,Male,5,0,1
U0330,4,3,482,Web Developmen,Beginner,4.1325,312.58000000000004,78.14500000000001,0.7499999998125,2,1,1,0.2499999999375,25,Female,7,1,0
U0331,2,1,436,Cybersecurity,Beginner,4.96,0.0,0.0,0.49999999975,1,1,0,0.0,22,Male,3,1,1
U0332,3,2,284,Business,Intermediate,4.486666666666666,223.1,74.36666666666667,0.6666666664444444,1,2,0,0.0,21,Male,1,2,1
U0333,3,3,429,AI/ML,Advanced,3.75,361.56,120.52,0.9999999996666666,0,1,2,0.6666666664444444,23,Female,0,0,0
U0334,14,6,709,Cybersecurity,Advanced,3.8964285714285714,774.03,55.28785714285714,0.4285714285408163,3,4,7,0.4999999999642857,49,Male,3,0,1
U0335,0,0,0,Unknown,Unknown,0.0,0.0,0.0,0.0,0,0,0,0.0,47,Male,6,3,1
U0336,4,4,386,AI/ML,Beginner,4.1175,447.22,111.805,0.99999999975,3,1,0,0.0,52,Female,0,1,0
U0337,18,7,687,Web Developmen,Advanced,4.092222222222222,1574.77,87.48722222222221,0.3888888888672839,5,6,7,0.3888888888672839,33,Female,7,0,0
U0338,5,4,274,Cybersecurity,Beginner,3.858,269.64,53.928,0.79999999984,3,0,2,0.39999999992,30,Female,3,1,0
U0339,3,2,564,AI/ML,Beginner,3.456666666666667,102.36,34.12,0.6666666664444444,2,1,0,0.0,47,Female,0,1,0
U0340,0,0,0,Unknown,Unknown,0.0,0.0,0.0,0.0,0,0,0,0.0,36,Female,6,3,0
U0341,16,7,660,Cybersecurity,Beginner,3.8375,1020.51,63.781875,0.4374999999726562,6,5,5,0.3124999999804687,34,Male,3,1,1
U0342,0,0,0,Unknown,Unknown,0.0,0.0,0.0,0.0,0,0,0,0.0,36,Male,6,3,1
U0343,11,5,639,Cybersecurity,Advanced,4.212727272727273,623.08,56.64363636363637,0.4545454545041322,4,3,4,0.3636363636033057,45,Male,3,0,1
U0344,10,5,705,Cybersecurity,Beginner,3.899,896.89,89.689,0.49999999995,6,1,3,0.29999999997,43,Female,3,1,0
U0345,0,0,0,Unknown,Unknown,0.0,0.0,0.0,0.0,0,0,0,0.0,54,Female,6,3,0
U0346,6,4,397,Business,Advanced,4.0,624.35,104.05833333333334,0.6666666665555555,3,0,3,0.4999999999166666,43,Male,1,0,1
U0347,2,2,426,Cloud Computing,Advanced,3.55,305.8,152.9,0.9999999995,1,0,1,0.49999999975,40,Male,2,0,1
U0348,3,3,242,Business,Beginner,4.373333333333333,266.81,88.93666666666667,0.9999999996666666,2,0,1,0.3333333332222222,26,Female,1,1,0
U0349,10,6,687,Cybersecurity,Beginner,3.936,565.98,56.598,0.59999999994,5,1,4,0.39999999996,29,Male,3,1,1
U0350,9,5,700,AI/ML,Advanced,3.94,676.59,75.17666666666668,0.5555555554938272,2,1,6,0.6666666665925925,18,Female,0,0,0
U0351,4,3,286,Data Science,Intermediate,4.1875,114.1,28.525,0.7499999998125,1,2,1,0.2499999999375,18,Female,4,2,0
U0352,3,3,379,AI/ML,Advanced,4.38,402.58,134.19333333333336,0.9999999996666666,1,1,1,0.3333333332222222,51,Female,0,0,0
U0353,1,1,0,Web Developmen,Beginner,4.14,0.0,0.0,0.999999999,1,0,0,0.0,49,Male,7,1,1
U0354,0,0,0,Unknown,Unknown,0.0,0.0,0.0,0.0,0,0,0,0.0,42,Female,6,3,0
U0355,0,0,0,Unknown,Unknown,0.0,0.0,0.0,0.0,0,0,0,0.0,18,Female,6,3,0
U0356,2,1,7,Data Science,Beginner,3.885,337.26,168.63,0.49999999975,2,0,0,0.0,33,Female,4,1,0
U0357,3,3,522,Business,Advanced,4.32,286.35,95.45,0.9999999996666666,1,1,1,0.3333333332222222,22,Female,1,0,0
U0358,2,2,55,Cybersecurity,Advanced,3.62,0.0,0.0,0.9999999995,1,0,1,0.49999999975,39,Female,3,0,0
U0359,3,3,573,AI/ML,Intermediate,3.9133333333333336,197.42,65.80666666666666,0.9999999996666666,0,2,1,0.3333333332222222,46,Female,0,2,0
U0360,1,1,0,Data Science,Intermediate,3.64,113.02,113.02,0.999999999,0,1,0,0.0,20,Male,4,2,1
U0361,7,4,502,Cybersecurity,Beginner,3.584285714285714,739.02,105.57428571428572,0.5714285713469388,4,2,1,0.1428571428367347,29,Female,3,1,0
U0362,11,5,551,Data Science,Beginner,3.832727272727273,864.04,78.5490909090909,0.4545454545041322,4,4,3,0.2727272727024793,43,Female,4,1,0
U0363,1,1,0,Cloud Computing,Beginner,4.82,171.76,171.76,0.999999999,1,0,0,0.0,33,Male,2,1,1
U0364,25,7,639,AI/ML,Advanced,3.9008,2187.15,87.486,0.2799999999888,5,9,11,0.4399999999824,54,Female,0,0,0
U0365,15,6,640,Cybersecurity,Beginner,4.048666666666667,1384.59,92.306,0.3999999999733333,7,5,3,0.1999999999866666,39,Female,3,1,0
U0366,3,3,535,Business,Beginner,4.556666666666666,217.27,72.42333333333333,0.9999999996666666,2,1,0,0.0,46,Female,1,1,0
U0367,8,5,446,AI/ML,Advanced,3.75375,506.95,63.36875,0.624999999921875,2,1,5,0.624999999921875,31,Male,0,0,1
U0368,2,2,129,Data Science,Advanced,3.15,88.35,44.175,0.9999999995,1,0,1,0.49999999975,45,Male,4,0,1
U0369,6,4,569,Cybersecurity,Intermediate,4.125,508.51,84.75166666666667,0.6666666665555555,1,3,2,0.3333333332777777,22,Other,3,2,2
U0370,3,3,682,Cybersecurity,Intermediate,4.666666666666667,237.27,79.08999999999999,0.9999999996666666,0,2,1,0.3333333332222222,47,Female,3,2,0
U0371,4,3,272,Cybersecurity,Intermediate,4.005,542.34,135.585,0.7499999998125,1,3,0,0.0,22,Male,3,2,1
U0372,7,4,351,Cybersecurity,Intermediate,3.832857142857143,443.88,63.41142857142857,0.5714285713469388,2,4,1,0.1428571428367347,29,Female,3,2,0
U0373,3,3,296,Cybersecurity,Beginner,4.273333333333333,232.3,77.43333333333334,0.9999999996666666,2,1,0,0.0,33,Female,3,1,0
U0374,8,5,621,Design,Advanced,3.755,364.31,45.53875,0.624999999921875,3,0,5,0.624999999921875,43,Female,5,0,0
U0375,4,4,414,AI/ML,Beginner,4.3,191.61,47.9025,0.99999999975,2,1,1,0.2499999999375,43,Female,0,1,0
U0376,3,2,567,Cybersecurity,Intermediate,4.303333333333334,96.48,32.160000000000004,0.6666666664444444,0,2,1,0.3333333332222222,38,Male,3,2,1
U0377,12,5,637,Cybersecurity,Beginner,3.998333333333333,1243.19,103.59916666666668,0.4166666666319444,5,3,4,0.3333333333055555,53,Male,3,1,1
U0378,1,1,0,Web Developmen,Intermediate,4.59,45.05,45.05,0.999999999,0,1,0,0.0,50,Male,7,2,1
U0379,2,2,614,AI/ML,Advanced,4.795,303.5,151.75,0.9999999995,0,0,2,0.9999999995,47,Female,0,0,0
U0380,11,5,415,Cybersecurity,Advanced,3.8018181818181818,849.11,77.19181818181818,0.4545454545041322,4,1,6,0.5454545454049586,54,Male,3,0,1
U0381,2,2,23,Cloud Computing,Advanced,4.824999999999999,175.43,87.715,0.9999999995,1,0,1,0.49999999975,40,Male,2,0,1
U0382,0,0,0,Unknown,Unknown,0.0,0.0,0.0,0.0,0,0,0,0.0,27,Male,6,3,1
U0383,1,1,0,Data Science,Intermediate,3.64,104.07,104.07,0.999999999,0,1,0,0.0,22,Female,4,2,0
U0384,0,0,0,Unknown,Unknown,0.0,0.0,0.0,0.0,0,0,0,0.0,53,Female,6,3,0
U0385,15,6,652,AI/ML,Beginner,4.174666666666666,796.4,53.09333333333333,0.3999999999733333,8,3,4,0.2666666666488889,51,Male,0,1,1
U0386,2,2,172,Business,Intermediate,4.615,250.28,125.14,0.9999999995,0,2,0,0.0,48,Male,1,2,1
U0387,19,6,674,Cybersecurity,Advanced,3.9794736842105274,1510.94,79.52315789473684,0.31578947366759,7,5,7,0.3684210526121884,27,Female,3,0,0
U0388,9,5,656,Cybersecurity,Advanced,4.047777777777778,811.17,90.13,0.5555555554938272,3,2,4,0.4444444443950617,36,Male,3,0,1
U0389,6,5,691,Web Developmen,Beginner,4.618333333333333,589.0699999999999,98.17833333333331,0.8333333331944445,3,2,1,0.1666666666388888,49,Male,7,1,1
U0390,5,4,514,Cloud Computing,Intermediate,4.048,508.62,101.724,0.79999999984,0,3,2,0.39999999992,18,Male,2,2,1
U0391,9,4,607,Cybersecurity,Advanced,4.001111111111111,576.0,64.0,0.4444444443950617,3,2,4,0.4444444443950617,22,Male,3,0,1
U0392,1,1,0,Data Science,Beginner,3.26,23.53,23.53,0.999999999,1,0,0,0.0,21,Male,4,1,1
U0393,14,6,660,Web Developmen,Intermediate,4.175,1221.12,87.22285714285715,0.4285714285408163,4,6,4,0.2857142856938775,33,Female,7,2,0
U0394,12,6,636,AI/ML,Beginner,4.135,509.42,42.45166666666667,0.4999999999583333,6,3,3,0.2499999999791666,41,Male,0,1,1
U0395,2,2,460,AI/ML,Advanced,4.04,345.52,172.76,0.9999999995,1,0,1,0.49999999975,33,Female,0,0,0
U0396,14,7,637,Cloud Computing,Intermediate,3.915714285714286,554.07,39.57642857142857,0.4999999999642857,5,6,3,0.2142857142704081,19,Male,2,2,1
U0397,12,7,682,Cybersecurity,Intermediate,3.923333333333333,1155.37,96.28083333333332,0.5833333332847223,3,6,3,0.2499999999791666,45,Female,3,2,0
U0398,9,6,648,AI/ML,Advanced,4.131111111111111,697.15,77.46111111111111,0.6666666665925925,2,3,4,0.4444444443950617,49,Female,0,0,0
U0399,1,1,0,Cybersecurity,Beginner,3.69,22.94,22.94,0.999999999,1,0,0,0.0,44,Male,3,1,1
U0400,0,0,0,Unknown,Unknown,0.0,0.0,0.0,0.0,0,0,0,0.0,37,Female,6,3,0
U0401,4,3,452,AI/ML,Beginner,4.255,262.03,65.5075,0.7499999998125,2,1,1,0.2499999999375,41,Male,0,1,1
U0402,0,0,0,Unknown,Unknown,0.0,0.0,0.0,0.0,0,0,0,0.0,29,Other,6,3,2
U0403,0,0,0,Unknown,Unknown,0.0,0.0,0.0,0.0,0,0,0,0.0,52,Male,6,3,1
U0404,9,5,713,Cybersecurity,Advanced,4.0633333333333335,828.85,92.09444444444443,0.5555555554938272,2,0,7,0.777777777691358,50,Male,3,0,1
U0405,1,1,0,Data Science,Beginner,4.35,97.49,97.49,0.999999999,1,0,0,0.0,50,Male,4,1,1
U0406,6,4,658,AI/ML,Advanced,4.091666666666666,310.71,51.785,0.6666666665555555,2,0,4,0.6666666665555555,54,Other,0,0,2
U0407,18,6,667,Web Developmen,Beginner,3.821111111111111,895.38,49.74333333333333,0.3333333333148148,8,5,5,0.2777777777623457,29,Female,7,1,0
U0408,19,7,717,AI/ML,Advanced,4.1000000000000005,1615.2,85.01052631578948,0.3684210526121884,7,4,8,0.4210526315567867,20,Female,0,0,0
U0409,1,1,0,Data Science,Beginner,3.26,105.99,105.99,0.999999999,1,0,0,0.0,18,Male,4,1,1
U0410,8,5,531,AI/ML,Advanced,4.03125,321.81,40.22625,0.624999999921875,2,3,3,0.374999999953125,50,Female,0,0,0
U0411,0,0,0,Unknown,Unknown,0.0,0.0,0.0,0.0,0,0,0,0.0,27,Male,6,3,1
U0412,0,0,0,Unknown,Unknown,0.0,0.0,0.0,0.0,0,0,0,0.0,46,Female,6,3,0
U0413,6,5,494,Business,Advanced,3.971666666666666,452.58,75.42999999999999,0.8333333331944445,3,0,3,0.4999999999166666,30,Male,1,0,1
U0414,3,2,574,Web Developmen,Beginner,4.05,121.1,40.36666666666667,0.6666666664444444,2,1,0,0.0,29,Male,7,1,1
U0415,3,3,89,AI/ML,Beginner,4.6000000000000005,246.8,82.26666666666667,0.9999999996666666,2,1,0,0.0,48,Male,0,1,1
U0416,6,3,450,Cybersecurity,Advanced,3.553333333333333,353.42999999999995,58.905,0.4999999999166666,2,1,3,0.4999999999166666,19,Male,3,0,1
U0417,0,0,0,Unknown,Unknown,0.0,0.0,0.0,0.0,0,0,0,0.0,52,Female,6,3,0
U0418,1,1,0,AI/ML,Advanced,4.71,83.35,83.35,0.999999999,0,0,1,0.999999999,40,Male,0,0,1
U0419,5,3,702,Cybersecurity,Intermediate,3.51,308.43,61.686,0.59999999988,1,3,1,0.19999999996,34,Female,3,2,0
U0420,10,4,637,Cybersecurity,Beginner,4.046,1168.48,116.848,0.39999999996,6,2,2,0.19999999998,43,Male,3,1,1
U0421,6,3,596,Cybersecurity,Beginner,4.053333333333334,548.0799999999999,91.34666666666664,0.4999999999166666,3,1,2,0.3333333332777777,25,Female,3,1,0
U0422,0,0,0,Unknown,Unknown,0.0,0.0,0.0,0.0,0,0,0,0.0,46,Male,6,3,1
U0423,2,2,236,Cybersecurity,Advanced,4.35,393.55,196.775,0.9999999995,0,1,1,0.49999999975,43,Male,3,0,1
U0424,2,1,435,AI/ML,Advanced,3.455,264.23,132.115,0.49999999975,0,1,1,0.49999999975,27,Female,0,0,0
U0425,0,0,0,Unknown,Unknown,0.0,0.0,0.0,0.0,0,0,0,0.0,43,Male,6,3,1
U0426,10,6,471,Web Developmen,Advanced,4.292,673.84,67.384,0.59999999994,4,2,4,0.39999999996,51,Male,7,0,1
U0427,4,4,271,AI/ML,Beginner,3.745,154.97,38.7425,0.99999999975,2,1,1,0.2499999999375,24,Female,0,1,0
U0428,1,1,0,Cybersecurity,Advanced,3.32,0.0,0.0,0.999999999,0,0,1,0.999999999,21,Female,3,0,0
U0429,5,3,653,AI/ML,Advanced,3.3240000000000003,415.21,83.042,0.59999999988,2,1,2,0.39999999992,28,Male,0,0,1
U0430,7,5,540,AI/ML,Advanced,3.925714285714285,570.55,81.50714285714285,0.7142857141836735,3,0,4,0.5714285713469388,46,Male,0,0,1
U0431,5,4,359,Data Science,Advanced,3.492,264.26,52.852,0.79999999984,2,1,2,0.39999999992,53,Female,4,0,0
U0432,2,2,228,Data Science,Beginner,3.59,52.67,26.335,0.9999999995,2,0,0,0.0,42,Male,4,1,1
U0433,5,4,401,AI/ML,Beginner,4.186,204.9,40.98,0.79999999984,3,1,1,0.19999999996,38,Male,0,1,1
U0434,5,4,315,AI/ML,Intermediate,4.0760000000000005,197.51,39.502,0.79999999984,1,4,0,0.0,53,Male,0,2,1
U0435,1,1,0,Design,Intermediate,4.64,57.95,57.95,0.999999999,0,1,0,0.0,27,Female,5,2,0
U0436,6,4,345,Cybersecurity,Advanced,3.806666666666666,647.3,107.88333333333333,0.6666666665555555,3,0,3,0.4999999999166666,54,Female,3,0,0
U0437,11,7,621,AI/ML,Beginner,4.388181818181818,959.07,87.18818181818182,0.6363636363057851,5,5,1,0.0909090909008264,26,Male,0,1,1
U0438,11,6,504,Web Developmen,Advanced,3.924545454545455,800.77,72.79727272727273,0.5454545454049586,3,3,5,0.4545454545041322,41,Male,7,0,1
U0439,9,5,552,Business,Advanced,3.846666666666666,1032.88,114.76444444444444,0.5555555554938272,3,1,5,0.5555555554938272,52,Male,1,0,1
U0440,5,4,577,Data Science,Advanced,3.608,93.25,18.65,0.79999999984,2,0,3,0.59999999988,52,Female,4,0,0
U0441,7,4,566,AI/ML,Beginner,3.817142857142857,511.92,73.13142857142857,0.5714285713469388,4,1,2,0.2857142856734694,53,Male,0,1,1
U0442,0,0,0,Unknown,Unknown,0.0,0.0,0.0,0.0,0,0,0,0.0,35,Male,6,3,1
U0443,6,5,583,AI/ML,Advanced,4.13,394.2,65.7,0.8333333331944445,0,2,4,0.6666666665555555,49,Female,0,0,0
U0444,2,2,204,Data Science,Beginner,3.775,146.06,73.03,0.9999999995,1,1,0,0.0,41,Male,4,1,1
U0445,1,1,0,AI/ML,Advanced,3.17,129.99,129.99,0.999999999,0,0,1,0.999999999,40,Female,0,0,0
U0446,4,4,533,Business,Intermediate,4.185,226.38,56.595,0.99999999975,1,2,1,0.2499999999375,49,Male,1,2,1
U0447,17,7,617,Cybersecurity,Advanced,3.964117647058824,1460.09,85.88764705882352,0.4117647058581314,7,3,7,0.4117647058581314,54,Male,3,0,1
U0448,0,0,0,Unknown,Unknown,0.0,0.0,0.0,0.0,0,0,0,0.0,29,Male,6,3,1
U0449,0,0,0,Unknown,Unknown,0.0,0.0,0.0,0.0,0,0,0,0.0,30,Female,6,3,0
U0450,7,5,521,Cloud Computing,Beginner,4.122857142857143,540.68,77.24,0.7142857141836735,3,3,1,0.1428571428367347,40,Female,2,1,0
U0451,10,5,700,Cybersecurity,Intermediate,4.242,579.8299999999999,57.98299999999999,0.49999999995,3,4,3,0.29999999997,42,Female,3,2,0
U0452,4,3,446,Cybersecurity,Beginner,3.585,146.64,36.66,0.7499999998125,3,0,1,0.2499999999375,52,Male,3,1,1
U0453,5,4,464,Web Developmen,Intermediate,3.798000000000001,158.51,31.702,0.79999999984,1,3,1,0.19999999996,47,Female,7,2,0
U0454,2,2,84,AI/ML,Advanced,3.41,235.43,117.715,0.9999999995,0,1,1,0.49999999975,34,Male,0,0,1
U0455,10,5,680,Web Developmen,Advanced,4.308,664.5799999999999,66.458,0.49999999995,2,4,4,0.39999999996,37,Male,7,0,1
U0456,1,1,0,Cybersecurity,Beginner,3.51,130.28,130.28,0.999999999,1,0,0,0.0,42,Female,3,1,0
U0457,9,6,474,AI/ML,Advanced,3.984444444444444,725.3100000000001,80.59,0.6666666665925925,2,2,5,0.5555555554938272,39,Male,0,0,1
U0458,8,5,685,Business,Beginner,4.04625,280.99,35.12375,0.624999999921875,3,3,2,0.24999999996875,30,Male,1,1,1
U0459,2,2,402,Cybersecurity,Beginner,4.95,45.18,22.59,0.9999999995,1,1,0,0.0,36,Male,3,1,1
U0460,0,0,0,Unknown,Unknown,0.0,0.0,0.0,0.0,0,0,0,0.0,53,Male,6,3,1
U0461,0,0,0,Unknown,Unknown,0.0,0.0,0.0,0.0,0,0,0,0.0,29,Male,6,3,1
U0462,3,3,450,Business,Intermediate,4.196666666666666,351.56,117.18666666666668,0.9999999996666666,0,2,1,0.3333333332222222,36,Female,1,2,0
U0463,0,0,0,Unknown,Unknown,0.0,0.0,0.0,0.0,0,0,0,0.0,29,Male,6,3,1
U0464,6,5,431,Data Science,Intermediate,4.028333333333333,761.38,126.89666666666666,0.8333333331944445,2,3,1,0.1666666666388888,26,Female,4,2,0
U0465,4,2,299,AI/ML,Advanced,4.26,250.46,62.615,0.499999999875,0,1,3,0.7499999998125,24,Female,0,0,0
U0466,2,2,136,AI/ML,Advanced,4.0,31.55,15.775,0.9999999995,0,0,2,0.9999999995,45,Male,0,0,1
U0467,1,1,0,Design,Beginner,3.46,25.97,25.97,0.999999999,1,0,0,0.0,31,Male,5,1,1
U0468,0,0,0,Unknown,Unknown,0.0,0.0,0.0,0.0,0,0,0,0.0,48,Male,6,3,1
U0469,4,3,513,Cloud Computing,Intermediate,3.98,376.0,94.0,0.7499999998125,1,3,0,0.0,36,Female,2,2,0
U0470,1,1,0,Data Science,Beginner,3.26,167.73,167.73,0.999999999,1,0,0,0.0,33,Male,4,1,1
U0471,11,4,702,Cybersecurity,Advanced,4.014545454545455,511.45,46.49545454545454,0.3636363636033057,4,3,4,0.3636363636033057,22,Female,3,0,0
U0472,9,6,660,AI/ML,Advanced,3.87,482.81,53.64555555555555,0.6666666665925925,3,2,4,0.4444444443950617,52,Male,0,0,1
U0473,8,5,678,Cybersecurity,Advanced,3.93,987.6,123.45,0.624999999921875,1,3,4,0.4999999999375,29,Female,3,0,0
U0474,10,6,536,Cloud Computing,Intermediate,4.179,707.63,70.763,0.59999999994,3,5,2,0.19999999998,42,Male,2,2,1
U0475,4,4,426,AI/ML,Advanced,4.2,234.19,58.5475,0.99999999975,1,1,2,0.499999999875,38,Male,0,0,1
U0476,17,7,634,AI/ML,Advanced,4.023529411764706,1203.86,70.81529411764707,0.4117647058581314,5,5,7,0.4117647058581314,53,Female,0,0,0
U0477,1,1,0,Design,Intermediate,4.64,189.5,189.5,0.999999999,0,1,0,0.0,40,Female,5,2,0
U0478,0,0,0,Unknown,Unknown,0.0,0.0,0.0,0.0,0,0,0,0.0,33,Male,6,3,1
U0479,5,4,599,Cybersecurity,Beginner,4.220000000000001,647.18,129.43599999999998,0.79999999984,3,1,1,0.19999999996,31,Female,3,1,0
U0480,15,7,682,AI/ML,Beginner,3.9026666666666663,1223.27,81.55133333333333,0.4666666666355555,8,5,2,0.1333333333244444,48,Female,0,1,0
U0481,7,5,497,Cybersecurity,Advanced,4.017142857142857,606.9,86.7,0.7142857141836735,2,1,4,0.5714285713469388,22,Female,3,0,0
U0482,0,0,0,Unknown,Unknown,0.0,0.0,0.0,0.0,0,0,0,0.0,52,Female,6,3,0
U0483,1,1,0,Data Science,Beginner,3.26,114.4,114.4,0.999999999,1,0,0,0.0,40,Male,4,1,1
U0484,8,6,491,Cybersecurity,Intermediate,4.35,767.56,95.945,0.74999999990625,1,4,3,0.374999999953125,46,Male,3,2,1
U0485,1,1,0,Cybersecurity,Beginner,3.51,25.36,25.36,0.999999999,1,0,0,0.0,28,Male,3,1,1
U0486,4,3,544,Cloud Computing,Beginner,4.305,56.35,14.0875,0.7499999998125,2,1,1,0.2499999999375,35,Female,2,1,0
U0487,12,6,607,AI/ML,Intermediate,4.0275,1196.63,99.71916666666668,0.4999999999583333,4,5,3,0.2499999999791666,29,Female,0,2,0
U0488,2,2,417,Design,Intermediate,4.69,29.14,14.57,0.9999999995,0,2,0,0.0,26,Male,5,2,1
U0489,1,1,0,Web Developmen,Beginner,4.55,194.86,194.86,0.999999999,1,0,0,0.0,27,Male,7,1,1
U0490,4,3,677,Data Science,Beginner,4.355,317.08,79.27,0.7499999998125,2,2,0,0.0,34,Female,4,1,0
U0491,1,1,0,Business,Intermediate,4.71,0.0,0.0,0.999999999,0,1,0,0.0,24,Other,1,2,2
U0492,15,6,673,AI/ML,Advanced,3.884666666666667,1166.33,77.75533333333333,0.3999999999733333,3,4,8,0.5333333332977778,30,Female,0,0,0
U0493,4,3,627,AI/ML,Beginner,3.6975,524.78,131.195,0.7499999998125,2,1,1,0.2499999999375,26,Male,0,1,1
U0494,14,6,624,Cybersecurity,Advanced,4.052142857142857,997.55,71.25357142857142,0.4285714285408163,5,3,6,0.4285714285408163,44,Male,3,0,1
U0495,1,1,0,Cybersecurity,Beginner,3.21,131.96,131.96,0.999999999,1,0,0,0.0,19,Male,3,1,1
U0496,30,7,730,Data Science,Intermediate,3.952333333333333,2578.12,85.93733333333333,0.2333333333255555,9,12,9,0.29999999999,22,Female,4,2,0
U0497,5,5,692,AI/ML,Advanced,4.2780000000000005,587.35,117.47,0.9999999998,0,2,3,0.59999999988,46,Male,0,0,1
U0498,1,1,0,Web Developmen,Intermediate,4.59,161.57,161.57,0.999999999,0,1,0,0.0,54,Female,7,2,0
U0499,0,0,0,Unknown,Unknown,0.0,0.0,0.0,0.0,0,0,0,0.0,36,Male,6,3,1
U0500,5,5,537,AI/ML,Advanced,3.894,476.16,95.232,0.9999999998,1,1,3,0.59999999988,25,Female,0,0,0
