UserID,CourseID,TransactionDate,Amount
U0303,C0016,2024-06-16,0.0
U0339,C0054,2023-06-12,0.0
U0182,C0020,2024-08-31,81.15
U0260,C0087,2023-11-03,190.63
U0251,C0037,2023-12-05,149.07
U0421,C0021,2023-02-24,123.74
U0416,C0081,2023-11-29,39.63
U0410,C0029,2023-05-07,39.63
U0004,C0009,2024-12-05,21.03
U0372,C0055,2023-08-31,0.0
U0377,C0057,2024-08-22,174.56
U0337,C0070,2024-02-13,124.2
U0375,C0020,2024-05-17,144.52
U0419,C0043,2024-12-27,13.9
U0228,C0023,2024-08-26,194.27
U0240,C0008,2023-10-30,168.15
U0061,C0090,2024-04-08,50.33
U0185,C0072,2023-08-23,44.54
U0323,C0024,2024-11-26,0.0
U0387,C0057,2023-02-07,44.84
U0112,C0015,2023-05-19,67.8
U0063,C0091,2023-07-14,109.69
U0328,C0009,2024-06-10,92.06
U0001,C0001,2024-10-08,65.32
U0090,C0051,2023-01-01,126.24
U0010,C0057,2024-07-14,36.49
U0083,C0056,2023-04-06,65.5
U0092,C0008,2024-12-13,79.6
U0187,C0027,2024-02-17,0.0
U0196,C0050,2024-06-21,96.64
U0439,C0019,2024-03-04,159.17
U0243,C0090,2023-08-23,47.93
U0361,C0008,2023-12-15,107.69
U0050,C0050,2024-04-25,122.55
U0117,C0068,2024-01-31,18.82
U0344,C0023,2023-12-17,125.42
U0021,C0061,2024-02-20,0.0
U0236,C0082,2023-02-20,0.0
U0297,C0015,2023-03-22,42.39
U0297,C0093,2023-02-05,0.0
U0009,C0054,2023-03-08,0.0
U0163,C0024,2024-10-02,0.0
U0316,C0039,2024-10-28,22.35
U0070,C0026,2024-09-14,0.0
U0341,C0071,2024-11-10,0.0
U0369,C0080,2024-04-25,0.0
U0494,C0085,2024-04-12,0.0
U0109,C0100,2023-05-22,190.28
U0407,C0079,2023-12-22,0.0
U0248,C0057,2024-12-09,193.46
U0181,C0029,2024-04-15,163.59
U0061,C0054,2024-09-12,0.0
U0365,C0007,2024-08-13,67.87
U0121,C0075,2024-11-03,28.55
U0181,C0043,2024-03-14,139.99
U0026,C0002,2024-06-14,93.62
U0396,C0008,2023-05-07,33.18
U0383,C0034,2023-07-24,104.07
U0364,C0057,2023-01-29,16.52
U0156,C0047,2024-03-20,182.76
U0088,C0060,2024-12-19,0.0
U0316,C0050,2024-04-08,59.16
U0238,C0062,2023-10-07,0.0
U0090,C0019,2023-05-31,135.87
U0337,C0009,2023-08-28,69.22
U0496,C0057,2023-09-23,108.8
U0370,C0050,2024-11-24,113.86
U0367,C0003,2023-04-15,45.11
U0480,C0033,2024-03-08,194.21
U0103,C0009,2024-05-11,157.27
U0271,C0054,2024-03-15,0.0
U0492,C0036,2024-11-15,188.49
U0082,C0060,2023-06-07,0.0
U0344,C0080,2023-06-21,0.0
U0286,C0024,2024-05-08,0.0
U0286,C0097,2023-11-07,180.01
U0343,C0054,2024-02-07,0.0
U0472,C0060,2024-10-30,0.0
U0388,C0064,2024-11-06,123.59
U0023,C0063,2024-10-20,185.15
U0426,C0052,2024-10-27,26.8
U0117,C0039,2024-04-07,47.23
U0182,C0008,2024-01-02,18.58
U0222,C0002,2024-07-03,71.8
U0232,C0031,2024-10-04,0.0
U0210,C0029,2023-09-12,83.84
U0476,C0034,2023-07-27,61.55
U0346,C0010,2024-03-25,167.45
U0313,C0073,2023-04-05,0.0
U0018,C0087,2024-04-22,77.77
U0455,C0096,2024-11-13,0.0
U0457,C0050,2023-07-09,63.37
U0387,C0068,2024-12-11,113.1
U0002,C0087,2024-04-28,36.77
U0024,C0037,2024-06-19,162.41
U0116,C0026,2024-02-27,0.0
U0063,C0096,2024-10-01,0.0
U0194,C0052,2024-08-27,24.15
U0469,C0050,2023-05-13,197.5
U0229,C0013,2023-02-24,156.72
U0149,C0087,2024-10-31,47.75
U0016,C0060,2024-06-24,0.0
U0012,C0029,2024-02-14,11.04
U0146,C0015,2023-07-30,164.93
U0146,C0054,2024-10-27,0.0
U0391,C0057,2023-10-20,144.29
U0491,C0016,2023-04-25,0.0
U0181,C0087,2024-10-31,148.5
U0206,C0008,2023-09-16,156.53
U0420,C0031,2023-05-02,0.0
U0142,C0064,2023-10-26,24.06
U0074,C0023,2024-01-16,78.1
U0426,C0082,2024-07-14,0.0
U0017,C0073,2024-05-15,0.0
U0306,C0079,2023-10-24,0.0
U0270,C0009,2023-12-28,32.01
U0172,C0010,2024-08-11,173.98
U0161,C0023,2024-04-07,128.42
U0385,C0054,2024-03-13,0.0
U0045,C0075,2023-05-07,72.86
U0121,C0086,2023-07-16,22.07
U0364,C0068,2023-08-09,69.08
U0264,C0093,2023-04-01,0.0
U0062,C0073,2024-02-15,0.0
U0443,C0024,2023-01-08,0.0
U0190,C0023,2024-06-27,71.77
U0408,C0068,2024-04-12,148.62
U0391,C0015,2023-11-16,131.13
U0309,C0008,2024-01-29,178.56
U0238,C0054,2023-09-26,0.0
U0492,C0082,2023-07-10,0.0
U0068,C0009,2024-11-05,99.71
U0362,C0079,2023-03-02,0.0
U0099,C0081,2024-03-13,32.71
U0170,C0050,2023-09-21,145.51
U0158,C0008,2023-04-05,154.54
U0480,C0012,2024-07-06,116.63
U0487,C0069,2024-04-14,156.47
U0095,C0070,2024-10-22,103.81
U0009,C0092,2024-12-16,109.31
U0357,C0057,2024-05-28,91.22
U0204,C0009,2024-11-20,14.82
U0045,C0009,2023-07-13,30.49
U0337,C0071,2024-04-26,0.0
U0263,C0014,2023-12-02,15.96
U0493,C0029,2024-03-10,130.91
U0117,C0050,2023-07-15,69.72
U0198,C0002,2023-09-06,106.62
U0263,C0021,2024-05-12,182.43
U0393,C0037,2023-07-31,57.36
U0264,C0023,2024-10-26,87.96
U0301,C0010,2024-10-31,153.54
U0117,C0071,2024-04-10,0.0
U0421,C0081,2024-10-12,53.46
U0206,C0021,2023-08-09,24.62
U0066,C0075,2023-09-30,65.04
U0328,C0034,2023-06-03,40.62
U0111,C0051,2023-09-06,186.63
U0048,C0087,2023-10-06,163.53
U0431,C0075,2024-03-15,130.34
U0222,C0080,2023-10-03,0.0
U0371,C0010,2024-05-28,175.57
U0152,C0008,2023-03-29,162.69
U0391,C0091,2024-10-03,45.44
U0053,C0034,2024-05-19,179.58
U0173,C0023,2024-08-12,112.47
U0492,C0071,2023-08-29,0.0
U0394,C0086,2024-10-14,163.4
U0238,C0087,2024-11-05,180.25
U0171,C0029,2023-08-24,70.41
U0438,C0087,2023-05-08,30.9
U0263,C0007,2024-05-17,53.3
U0377,C0008,2023-07-19,91.14
U0374,C0061,2024-06-26,0.0
U0006,C0008,2024-05-16,165.41
U0062,C0029,2024-10-11,173.53
U0328,C0063,2024-05-06,11.31
U0080,C0029,2023-01-21,107.03
U0133,C0013,2023-08-22,89.3
U0479,C0023,2024-12-14,52.19
U0269,C0046,2024-10-04,32.76
U0373,C0050,2024-02-20,74.14
U0269,C0077,2023-05-28,0.0
U0266,C0075,2023-01-29,189.14
U0047,C0046,2023-12-27,71.4
U0172,C0087,2023-11-04,108.56
U0149,C0009,2023-06-11,143.56
U0189,C0021,2023-03-02,79.08
U0396,C0082,2023-05-05,0.0
U0181,C0032,2024-03-31,194.63
U0219,C0099,2023-03-12,0.0
U0193,C0047,2024-04-10,192.85
U0047,C0079,2023-08-31,0.0
U0215,C0037,2024-05-04,57.83
U0102,C0038,2023-08-09,104.47
U0095,C0034,2024-04-17,67.16
U0047,C0071,2024-06-16,0.0
U0173,C0054,2024-05-08,0.0
U0376,C0096,2023-03-23,0.0
U0146,C0021,2024-06-05,64.11
U0160,C0009,2023-01-12,17.0
U0323,C0036,2023-09-20,125.81
U0102,C0060,2024-10-18,0.0
U0451,C0087,2024-03-24,105.5
U0248,C0029,2023-07-11,19.77
U0217,C0062,2023-04-24,0.0
U0269,C0030,2023-01-26,62.93
U0083,C0060,2024-05-13,0.0
U0302,C0091,2024-05-22,182.56
U0178,C0020,2024-06-28,55.51
U0451,C0037,2023-03-03,37.52
U0085,C0100,2023-08-17,102.99
U0242,C0089,2024-08-29,197.26
U0296,C0054,2023-02-04,0.0
U0011,C0052,2024-12-05,55.98
U0179,C0023,2024-03-31,137.7
U0364,C0052,2024-08-10,154.7
U0407,C0087,2024-05-16,55.14
U0160,C0065,2024-08-17,0.0
U0396,C0023,2023-01-25,148.35
U0487,C0015,2024-07-22,79.87
U0429,C0023,2023-02-01,130.13
U0058,C0011,2023-01-12,130.36
U0366,C0009,2023-11-15,111.79
U0162,C0037,2024-08-26,27.15
U0496,C0009,2023-01-01,168.7
U0234,C0012,2024-03-10,70.94
U0362,C0011,2023-07-15,45.43
U0163,C0008,2023-05-13,17.74
U0500,C0029,2023-03-27,122.26
U0492,C0019,2024-04-20,138.73
U0325,C0052,2023-11-20,13.14
U0063,C0009,2023-06-29,107.29
U0338,C0075,2024-05-30,53.02
U0047,C0092,2024-09-29,132.57
U0010,C0075,2023-06-24,43.12
U0407,C0054,2023-01-21,0.0
U0109,C0087,2023-04-15,141.27
U0182,C0068,2024-07-31,83.47
U0490,C0001,2024-03-18,187.97
U0169,C0036,2023-02-18,36.12
U0152,C0087,2024-06-11,74.79
U0466,C0029,2023-05-25,31.55
U0053,C0006,2023-12-06,185.68
U0377,C0075,2023-12-20,176.68
U0496,C0080,2023-03-16,0.0
U0453,C0011,2024-07-31,59.0
U0323,C0054,2024-09-28,0.0
U0161,C0015,2023-11-15,135.39
U0133,C0071,2023-03-28,0.0
U0406,C0023,2024-07-06,165.26
U0441,C0029,2024-11-28,115.48
U0251,C0087,2023-02-11,110.62
U0128,C0050,2023-04-03,55.94
U0054,C0063,2024-11-27,27.68
U0045,C0037,2024-12-27,180.46
U0356,C0023,2024-05-21,181.07
U0204,C0062,2024-06-12,0.0
U0456,C0010,2023-09-22,130.28
U0366,C0031,2024-09-17,0.0
U0099,C0017,2023-10-19,74.41
U0302,C0068,2024-04-08,76.34
U0210,C0096,2024-07-13,0.0
U0278,C0100,2023-04-07,147.92
U0365,C0044,2023-04-05,180.44
U0397,C0021,2023-11-22,178.54
U0420,C0043,2023-03-15,158.17
U0133,C0087,2023-12-02,131.98
U0010,C0015,2023-03-09,25.98
U0365,C0096,2023-03-18,0.0
U0051,C0029,2023-07-27,40.7
U0161,C0100,2023-08-09,180.72
U0002,C0086,2023-09-19,125.21
U0337,C0081,2024-02-14,11.74
U0083,C0029,2023-11-27,29.27
U0324,C0001,2023-12-10,136.06
U0496,C0034,2023-03-15,10.95
U0031,C0024,2024-09-28,0.0
U0036,C0006,2024-11-30,40.54
U0171,C0051,2023-09-11,114.25
U0436,C0037,2023-11-28,141.45
U0111,C0062,2024-02-02,0.0
U0178,C0060,2023-12-11,0.0
U0030,C0009,2024-08-06,133.86
U0380,C0099,2024-10-29,0.0
U0201,C0014,2024-03-30,52.6
U0377,C0043,2023-04-25,145.3
U0455,C0050,2023-11-09,55.07
U0117,C0081,2023-08-16,71.82
U0397,C0009,2023-09-02,151.82
U0024,C0039,2024-06-09,133.42
U0452,C0062,2024-06-11,0.0
U0323,C0019,2024-03-02,171.34
U0439,C0062,2023-02-11,0.0
U0001,C0093,2024-04-09,0.0
U0188,C0005,2023-10-05,0.0
U0117,C0026,2023-03-07,0.0
U0184,C0037,2023-06-16,134.94
U0063,C0020,2024-08-07,117.97
U0203,C0015,2024-02-07,27.79
U0396,C0096,2024-02-13,0.0
U0232,C0093,2023-04-22,0.0
U0205,C0029,2024-02-11,79.86
U0010,C0037,2024-01-08,60.38
U0486,C0020,2024-08-19,56.35
U0062,C0062,2024-10-12,0.0
U0349,C0062,2023-02-08,0.0
U0489,C0087,2023-04-15,194.86
U0408,C0073,2023-11-20,0.0
U0416,C0062,2024-03-04,0.0
U0494,C0023,2024-09-26,84.68
U0308,C0057,2024-12-30,179.48
U0269,C0050,2023-03-02,129.91
U0310,C0010,2024-09-03,161.0
U0257,C0020,2023-11-03,105.49
U0315,C0023,2023-12-20,119.6
U0218,C0093,2024-01-28,0.0
U0113,C0020,2023-07-23,103.57
U0059,C0023,2023-09-15,47.09
U0030,C0031,2024-04-30,0.0
U0138,C0063,2024-05-31,147.26
U0017,C0009,2024-03-21,63.34
U0272,C0096,2024-12-09,0.0
U0149,C0088,2023-06-29,14.61
U0407,C0056,2023-12-08,132.63
U0031,C0063,2023-05-13,43.64
U0117,C0002,2024-03-18,188.68
U0364,C0029,2023-09-10,191.24
U0297,C0080,2023-09-22,0.0
U0027,C0008,2023-04-03,183.81
U0440,C0023,2024-10-23,80.32
U0440,C0057,2024-02-15,12.93
U0165,C0021,2023-05-18,186.37
U0171,C0095,2023-07-27,91.34
U0496,C0010,2024-09-28,193.65
U0310,C0080,2024-07-26,0.0
U0256,C0051,2023-11-03,193.08
U0415,C0075,2023-09-23,172.06
U0149,C0026,2024-10-07,0.0
U0206,C0052,2023-11-14,65.94
U0142,C0087,2023-04-23,83.16
U0393,C0047,2024-01-13,171.71
U0277,C0031,2024-03-29,0.0
U0328,C0054,2023-07-10,0.0
U0113,C0043,2023-07-06,70.21
U0236,C0096,2024-01-02,0.0
U0365,C0023,2023-03-30,42.19
U0251,C0050,2023-07-06,115.78
U0437,C0067,2024-09-26,0.0
U0027,C0088,2024-07-13,187.86
U0481,C0100,2024-01-11,142.24
U0009,C0038,2024-11-21,118.3
U0341,C0009,2024-11-22,28.45
U0039,C0005,2023-04-09,0.0
U0458,C0071,2023-02-03,0.0
U0222,C0090,2024-08-04,126.84
U0063,C0019,2023-06-20,198.1
U0171,C0011,2024-01-01,36.61
U0082,C0008,2023-02-28,108.47
U0086,C0082,2023-06-30,0.0
U0480,C0026,2023-01-19,0.0
U0216,C0037,2023-08-14,176.69
U0393,C0051,2024-04-17,150.74
U0318,C0086,2023-04-05,142.42
U0334,C0062,2023-10-24,0.0
U0063,C0060,2024-08-15,0.0
U0117,C0012,2023-06-24,143.46
U0391,C0052,2023-08-10,78.29
U0487,C0070,2024-09-06,65.77
U0138,C0099,2023-02-23,0.0
U0143,C0015,2024-11-25,163.77
U0230,C0001,2024-02-07,163.91
U0494,C0008,2023-11-14,174.73
U0142,C0031,2023-12-15,0.0
U0200,C0082,2024-03-18,0.0
U0447,C0001,2024-08-02,183.51
U0002,C0046,2024-06-23,107.15
U0013,C0029,2023-10-09,105.28
U0298,C0008,2023-12-26,161.67
U0457,C0044,2024-09-22,133.48
U0124,C0021,2024-10-07,143.36
U0226,C0030,2024-10-02,161.19
U0218,C0069,2023-01-08,179.09
U0230,C0054,2024-07-16,0.0
U0308,C0009,2024-05-05,74.21
U0226,C0097,2023-12-07,81.35
U0231,C0075,2024-11-17,27.85
U0291,C0008,2024-11-25,119.86
U0259,C0008,2024-12-04,16.82
U0426,C0002,2023-09-06,98.45
U0018,C0014,2023-08-23,113.09
U0410,C0037,2023-03-24,64.43
U0420,C0096,2023-04-03,0.0
U0149,C0046,2024-01-29,122.25
U0222,C0023,2023-09-25,15.79
U0213,C0054,2024-02-21,0.0
U0113,C0009,2024-09-23,17.09
U0192,C0059,2024-08-05,0.0
U0016,C0055,2024-06-12,0.0
U0148,C0079,2023-09-10,0.0
U0404,C0100,2023-05-02,166.28
U0149,C0021,2023-01-10,78.43
U0406,C0051,2023-11-12,34.13
U0256,C0093,2023-09-30,0.0
U0441,C0078,2023-11-02,109.22
U0277,C0050,2023-07-29,156.29
U0010,C0096,2024-12-30,0.0
U0334,C0008,2024-04-08,51.0
U0016,C0094,2024-12-12,128.34
U0218,C0008,2024-12-28,26.21
U0472,C0054,2024-12-17,0.0
U0082,C0091,2024-02-20,19.81
U0189,C0023,2023-08-04,110.95
U0364,C0049,2023-03-21,112.71
U0443,C0029,2024-04-24,131.1
U0331,C0096,2024-06-30,0.0
U0134,C0082,2023-01-18,0.0
U0334,C0070,2023-06-14,147.95
U0153,C0057,2024-06-08,195.4
U0353,C0082,2023-07-21,0.0
U0481,C0036,2023-12-12,108.09
U0359,C0043,2024-01-01,71.35
U0433,C0073,2024-03-23,0.0
U0001,C0031,2024-05-27,0.0
U0352,C0008,2023-11-15,161.08
U0408,C0008,2023-08-05,61.45
U0014,C0009,2023-02-03,93.39
U0438,C0089,2023-09-23,24.9
U0133,C0049,2024-10-01,14.81
U0328,C0070,2024-12-24,192.89
U0396,C0036,2023-03-21,168.83
U0328,C0021,2024-11-07,142.23
U0047,C0029,2024-02-17,87.69
U0294,C0080,2023-09-09,0.0
U0264,C0062,2023-01-12,0.0
U0453,C0096,2024-02-05,0.0
U0198,C0064,2024-12-24,42.92
U0163,C0055,2023-10-09,0.0
U0372,C0059,2023-04-22,0.0
U0203,C0096,2024-12-23,0.0
U0323,C0079,2024-01-13,0.0
U0323,C0002,2023-09-25,39.71
U0447,C0054,2023-10-25,0.0
U0297,C0067,2023-11-13,0.0
U0240,C0075,2024-07-23,57.54
U0064,C0018,2024-05-23,0.0
U0056,C0088,2024-06-29,114.34
U0073,C0097,2023-12-31,145.76
U0087,C0020,2024-06-30,135.43
U0316,C0091,2023-09-28,63.18
U0367,C0009,2024-04-18,191.41
U0256,C0008,2024-06-20,150.19
U0408,C0010,2023-08-22,115.32
U0496,C0008,2023-02-28,126.22
U0341,C0008,2023-03-27,89.71
U0257,C0023,2024-01-25,57.06
U0218,C0009,2023-06-29,77.62
U0043,C0023,2024-12-19,153.98
U0194,C0008,2023-05-29,12.72
U0458,C0063,2024-08-05,32.04
U0397,C0010,2023-05-01,18.73
U0111,C0087,2024-08-27,17.73
U0223,C0081,2023-09-13,172.53
U0404,C0002,2023-11-05,143.68
U0030,C0092,2023-02-28,100.08
U0187,C0005,2023-03-10,0.0
U0426,C0020,2024-03-21,28.58
U0198,C0005,2024-01-23,0.0
U0036,C0029,2023-03-27,103.4
U0263,C0052,2023-08-15,99.95
U0431,C0080,2024-08-15,0.0
U0291,C0029,2024-09-17,42.9
U0117,C0069,2023-07-03,92.42
U0184,C0014,2023-11-18,85.71
U0218,C0075,2023-11-14,127.0
U0279,C0020,2024-07-19,130.66
U0377,C0010,2024-02-03,18.6
U0049,C0014,2024-12-09,81.17
U0447,C0014,2023-10-20,128.9
U0004,C0052,2023-10-20,105.59
U0180,C0087,2024-04-29,172.72
U0010,C0008,2024-03-22,135.14
U0190,C0069,2024-11-22,40.95
U0251,C0062,2024-02-16,0.0
U0244,C0090,2024-05-22,23.4
U0082,C0021,2023-09-01,132.05
U0323,C0044,2024-02-24,15.03
U0016,C0093,2023-06-03,0.0
U0380,C0062,2024-02-28,0.0
U0479,C0035,2023-09-30,121.29
U0171,C0010,2024-10-08,188.63
U0248,C0023,2024-06-03,119.33
U0182,C0057,2023-05-08,83.74
U0002,C0071,2024-01-08,0.0
U0185,C0009,2024-07-21,132.21
U0393,C0057,2024-09-29,97.06
U0294,C0054,2023-06-08,0.0
U0049,C0052,2024-07-24,113.66
U0421,C0067,2024-07-23,0.0
U0256,C0086,2024-10-13,188.87
U0418,C0029,2023-06-25,83.35
U0281,C0091,2024-09-11,192.62
U0269,C0011,2023-07-30,182.01
U0051,C0012,2024-03-22,47.19
U0083,C0023,2024-08-08,23.17
U0488,C0009,2023-06-16,29.14
U0117,C0020,2024-04-04,13.45
U0492,C0009,2023-12-23,27.93
U0257,C0082,2023-10-31,0.0
U0063,C0010,2023-08-21,139.76
U0049,C0075,2023-11-23,23.52
U0109,C0008,2023-07-01,70.6
U0471,C0096,2024-09-25,0.0
U0203,C0070,2023-11-30,170.52
U0191,C0001,2024-12-15,14.41
U0161,C0075,2023-01-29,164.74
U0070,C0052,2024-12-14,63.54
U0236,C0076,2023-04-03,32.44
U0063,C0054,2024-11-18,0.0
U0413,C0062,2023-11-26,0.0
U0181,C0078,2024-12-23,142.37
U0181,C0037,2023-07-03,129.49
U0216,C0087,2024-10-10,176.71
U0496,C0033,2023-12-19,149.65
U0263,C0050,2023-09-22,162.65
U0045,C0001,2024-10-08,63.58
U0300,C0050,2024-10-17,43.7
U0072,C0100,2023-01-19,152.61
U0010,C0023,2024-10-07,163.29
U0487,C0036,2024-09-17,198.19
U0385,C0067,2024-05-13,0.0
U0493,C0081,2023-05-19,88.39
U0232,C0037,2024-09-28,80.67
U0257,C0026,2024-12-16,0.0
U0085,C0096,2024-07-26,0.0
U0130,C0064,2024-06-08,157.51
U0415,C0009,2023-09-12,74.74
U0173,C0008,2023-03-26,186.83
U0408,C0050,2024-04-02,173.09
U0349,C0019,2024-06-15,91.5
U0090,C0021,2024-07-15,152.66
U0242,C0090,2024-11-06,153.35
U0336,C0008,2023-04-02,29.58
U0119,C0070,2024-08-22,181.48
U0409,C0023,2023-03-10,105.99
U0263,C0075,2023-02-06,167.02
U0082,C0071,2023-05-20,0.0
U0284,C0001,2024-11-10,70.8
U0500,C0051,2024-07-19,180.14
U0071,C0010,2023-06-27,83.94
U0404,C0088,2024-09-09,12.05
U0107,C0090,2023-05-17,182.01
U0388,C0037,2023-07-09,27.33
U0364,C0043,2024-10-01,70.66
U0156,C0024,2023-12-08,0.0
U0163,C0071,2024-07-12,0.0
U0393,C0031,2023-01-05,0.0
U0364,C0039,2024-10-23,190.5
U0070,C0008,2023-08-31,190.61
U0426,C0075,2024-12-20,118.94
U0350,C0002,2024-02-19,130.04
U0457,C0062,2024-09-18,0.0
U0063,C0014,2024-12-07,95.19
U0292,C0020,2023-12-09,65.7
U0297,C0062,2024-11-12,0.0
U0172,C0100,2024-01-14,72.44
U0222,C0076,2024-08-16,137.77
U0012,C0020,2024-10-27,152.94
U0369,C0012,2024-10-14,160.39
U0264,C0088,2023-05-26,160.02
U0024,C0043,2023-11-19,27.32
U0337,C0010,2023-05-02,103.93
U0223,C0087,2023-09-09,20.93
U0011,C0081,2023-11-07,114.4
U0487,C0100,2024-08-23,93.88
U0480,C0093,2024-04-19,0.0
U0246,C0087,2024-07-23,178.65
U0047,C0008,2024-05-06,76.66
U0375,C0009,2024-07-28,32.23
U0238,C0055,2023-12-13,0.0
U0157,C0054,2024-05-01,0.0
U0238,C0046,2024-04-17,37.16
U0249,C0037,2024-01-17,154.68
U0270,C0039,2023-10-07,127.45
U0215,C0055,2023-03-13,0.0
U0300,C0001,2024-06-04,29.2
U0467,C0022,2024-01-01,25.97
U0178,C0054,2023-04-04,0.0
U0362,C0071,2024-01-08,0.0
U0450,C0012,2023-12-05,143.17
U0220,C0054,2024-03-12,0.0
U0215,C0070,2023-12-02,23.81
U0297,C0043,2024-10-25,166.14
U0291,C0003,2024-05-06,144.18
U0397,C0043,2023-02-09,25.45
U0231,C0023,2023-12-25,26.11
U0497,C0094,2024-07-27,197.45
U0025,C0009,2023-09-11,81.1
U0002,C0062,2024-08-03,0.0
U0319,C0008,2024-02-02,80.41
U0156,C0043,2023-06-19,164.42
U0126,C0054,2024-11-20,0.0
U0160,C0023,2024-12-01,189.97
U0133,C0045,2024-05-25,197.33
U0010,C0011,2023-09-17,153.13
U0488,C0024,2024-08-06,0.0
U0113,C0060,2024-04-03,0.0
U0364,C0024,2024-06-12,0.0
U0380,C0092,2023-12-07,81.48
U0472,C0062,2023-02-26,0.0
U0010,C0040,2023-08-06,25.86
U0438,C0006,2024-09-10,157.65
U0252,C0050,2024-11-15,116.09
U0313,C0075,2024-12-31,90.59
U0323,C0023,2024-04-08,182.2
U0407,C0080,2023-09-04,0.0
U0166,C0021,2024-12-30,31.12
U0364,C0082,2024-01-08,0.0
U0253,C0008,2024-02-21,103.59
U0394,C0088,2023-01-31,12.15
U0496,C0050,2024-01-03,99.04
U0103,C0023,2024-07-12,20.69
U0496,C0023,2024-10-07,32.57
U0045,C0039,2023-04-18,32.32
U0001,C0100,2024-08-06,133.34
U0015,C0019,2024-02-22,151.74
U0171,C0009,2024-09-11,120.83
U0313,C0057,2024-02-02,192.8
U0030,C0050,2023-09-29,81.22
U0002,C0054,2024-11-13,0.0
U0475,C0063,2023-04-26,64.28
U0407,C0023,2024-08-08,175.02
U0398,C0093,2023-09-13,0.0
U0446,C0039,2023-03-22,52.47
U0344,C0010,2023-05-08,193.0
U0050,C0075,2023-08-23,12.3
U0194,C0062,2024-07-06,0.0
U0361,C0028,2023-06-30,194.27
U0149,C0060,2023-06-06,0.0
U0338,C0019,2024-03-29,18.19
U0009,C0043,2024-07-24,179.31
U0157,C0092,2024-12-04,110.25
U0264,C0010,2023-01-24,198.65
U0313,C0034,2024-04-17,24.01
U0278,C0082,2024-02-04,0.0
U0343,C0098,2024-08-14,0.0
U0002,C0045,2023-05-14,115.22
U0049,C0051,2024-02-25,194.16
U0437,C0055,2023-08-01,0.0
U0337,C0094,2024-04-26,109.38
U0054,C0087,2023-12-14,129.58
U0419,C0011,2023-06-15,142.18
U0127,C0039,2023-12-14,96.35
U0232,C0047,2024-02-02,129.23
U0068,C0079,2024-08-05,0.0
U0349,C0058,2024-12-26,0.0
U0329,C0062,2024-03-10,0.0
U0110,C0100,2024-07-30,121.01
U0434,C0008,2023-08-09,181.21
U0195,C0020,2023-11-04,18.62
U0152,C0037,2024-11-27,63.37
U0072,C0029,2024-12-19,190.57
U0142,C0002,2024-04-10,179.14
U0009,C0008,2023-04-09,96.56
U0284,C0064,2023-08-30,127.82
U0419,C0091,2023-06-07,62.69
U0264,C0052,2024-09-01,45.73
U0113,C0054,2024-07-07,0.0
U0011,C0021,2024-10-12,98.09
U0111,C0075,2023-08-15,77.13
U0204,C0075,2024-02-27,120.88
U0096,C0017,2023-08-31,24.76
U0357,C0009,2024-06-13,195.13
U0437,C0008,2024-08-11,197.37
U0220,C0057,2023-02-14,142.64
U0407,C0082,2024-04-16,0.0
U0268,C0087,2024-01-06,111.85
U0316,C0046,2024-10-13,68.8
U0251,C0078,2024-11-19,164.61
U0222,C0096,2023-04-02,0.0
U0118,C0023,2023-01-22,140.09
U0157,C0037,2023-06-21,40.89
U0152,C0094,2024-08-26,183.07
U0271,C0029,2023-07-11,166.27
U0059,C0093,2023-03-18,0.0
U0465,C0099,2023-10-08,0.0
U0358,C0062,2023-12-30,0.0
U0195,C0081,2023-06-28,190.45
U0076,C0075,2023-08-26,147.88
U0443,C0068,2023-05-15,126.54
U0407,C0024,2023-10-07,0.0
U0359,C0008,2023-01-19,89.46
U0143,C0029,2024-08-17,187.21
U0196,C0063,2024-01-06,174.54
U0050,C0009,2023-04-22,18.58
U0097,C0002,2024-11-06,15.0
U0388,C0010,2024-11-10,81.52
U0351,C0071,2023-08-09,0.0
U0292,C0099,2023-10-31,0.0
U0451,C0099,2024-12-03,0.0
U0284,C0050,2023-11-21,164.0
U0224,C0089,2024-03-12,197.57
U0171,C0073,2024-03-13,0.0
U0476,C0051,2023-06-19,38.57
U0041,C0055,2024-01-10,0.0
U0473,C0010,2024-07-10,122.87
U0408,C0096,2024-01-16,0.0
U0063,C0030,2023-01-14,82.36
U0271,C0043,2024-10-30,194.27
U0437,C0063,2024-05-14,169.99
U0276,C0029,2024-10-07,169.27
U0457,C0021,2024-01-26,99.04
U0476,C0062,2024-07-02,0.0
U0205,C0002,2024-07-18,88.81
U0182,C0071,2024-06-13,0.0
U0475,C0052,2024-05-06,61.94
U0334,C0059,2024-07-03,0.0
U0056,C0062,2024-11-29,0.0
U0015,C0054,2024-01-20,0.0
U0271,C0057,2023-07-15,20.7
U0473,C0064,2023-10-27,174.29
U0420,C0075,2024-06-30,164.44
U0334,C0071,2024-12-27,0.0
U0064,C0089,2024-12-31,199.94
U0133,C0015,2024-08-24,199.35
U0439,C0037,2023-11-04,115.52
U0095,C0096,2023-09-09,0.0
U0149,C0037,2023-01-08,156.1
U0334,C0054,2023-05-11,0.0
U0477,C0009,2024-12-09,189.5
U0142,C0015,2024-10-15,171.42
U0231,C0100,2024-08-30,56.99
U0315,C0054,2023-01-26,0.0
U0500,C0023,2024-09-14,95.59
U0051,C0100,2024-03-29,34.53
U0239,C0098,2024-09-26,0.0
U0185,C0042,2023-07-05,191.26
U0436,C0022,2024-04-28,125.16
U0231,C0086,2024-11-10,53.43
U0053,C0071,2023-02-20,0.0
U0315,C0066,2023-01-05,137.61
U0385,C0091,2024-08-11,127.43
U0002,C0067,2023-06-09,0.0
U0430,C0023,2023-07-27,78.04
U0095,C0068,2023-09-14,31.57
U0265,C0024,2023-07-24,0.0
U0357,C0060,2023-01-08,0.0
U0181,C0008,2024-02-13,137.59
U0437,C0052,2023-02-01,108.85
U0323,C0029,2024-12-18,156.73
U0394,C0058,2024-01-22,0.0
U0374,C0029,2023-08-16,108.82
U0012,C0076,2024-10-01,171.9
U0191,C0008,2024-04-19,114.85
U0473,C0062,2024-12-24,0.0
U0061,C0081,2023-07-26,116.57
U0365,C0063,2023-11-14,176.55
U0490,C0050,2024-07-10,86.65
U0019,C0096,2024-09-08,0.0
U0337,C0024,2023-12-14,0.0
U0225,C0002,2023-08-22,35.45
U0279,C0039,2024-12-01,15.46
U0043,C0005,2023-02-13,0.0
U0015,C0096,2023-05-22,0.0
U0329,C0017,2024-10-09,153.47
U0388,C0075,2024-10-15,127.85
U0263,C0019,2024-03-24,143.77
U0049,C0060,2024-08-14,0.0
U0339,C0008,2023-03-23,50.45
U0127,C0050,2023-05-15,35.9
U0458,C0002,2024-12-19,12.75
U0415,C0093,2023-06-26,0.0
U0349,C0099,2024-01-18,0.0
U0480,C0020,2023-08-31,76.6
U0010,C0017,2024-07-20,122.07
U0365,C0075,2023-05-21,84.52
U0164,C0021,2024-04-01,93.11
U0457,C0092,2024-03-15,181.78
U0142,C0055,2023-02-25,0.0
U0362,C0030,2024-06-10,76.16
U0440,C0085,2024-11-27,0.0
U0014,C0050,2024-02-23,107.65
U0193,C0093,2023-03-29,0.0
U0380,C0093,2024-08-31,0.0
U0220,C0011,2024-10-17,158.88
U0142,C0001,2023-01-08,85.33
U0113,C0100,2024-04-21,128.19
U0063,C0092,2023-08-03,173.84
U0429,C0008,2024-11-15,190.4
U0277,C0085,2024-07-05,0.0
U0036,C0046,2024-05-11,37.93
U0184,C0022,2024-11-24,186.04
U0179,C0091,2024-05-17,103.49
U0093,C0015,2024-11-29,59.06
U0165,C0015,2024-04-22,97.23
U0171,C0060,2023-11-05,0.0
U0365,C0020,2023-08-19,196.2
U0114,C0054,2024-01-18,0.0
U0322,C0064,2023-06-04,103.59
U0274,C0015,2023-06-24,72.45
U0272,C0054,2023-04-25,0.0
U0328,C0048,2024-01-25,130.34
U0264,C0008,2023-11-07,55.62
U0441,C0081,2023-10-27,24.4
U0334,C0029,2023-01-18,34.48
U0263,C0055,2023-01-12,0.0
U0408,C0052,2024-02-08,34.32
U0300,C0052,2024-12-04,38.85
U0152,C0009,2023-08-20,36.37
U0107,C0038,2024-08-27,131.76
U0072,C0045,2024-12-30,44.55
U0452,C0073,2023-10-05,0.0
U0349,C0086,2023-12-19,75.67
U0476,C0054,2023-10-30,0.0
U0230,C0020,2024-04-14,180.38
U0025,C0011,2023-03-18,100.04
U0332,C0009,2024-06-04,136.83
U0284,C0031,2023-01-24,0.0
U0496,C0020,2023-01-15,42.73
U0126,C0019,2024-11-06,46.52
U0323,C0009,2023-06-21,17.76
U0270,C0012,2023-11-23,42.09
U0387,C0039,2024-12-12,62.92
U0106,C0051,2024-04-29,43.62
U0362,C0010,2024-05-03,26.84
U0306,C0038,2024-04-06,32.91
U0451,C0029,2024-01-13,97.54
U0421,C0014,2024-08-10,49.19
U0161,C0001,2023-06-13,79.2
U0146,C0047,2024-01-07,105.64
U0494,C0065,2024-07-26,0.0
U0252,C0020,2024-02-28,141.17
U0457,C0010,2024-04-21,17.46
U0398,C0020,2023-09-14,161.88
U0480,C0087,2024-11-04,129.29
U0169,C0081,2023-03-09,25.52
U0362,C0043,2023-12-10,175.97
U0260,C0050,2023-10-04,184.96
U0025,C0019,2024-11-03,21.59
U0341,C0055,2024-03-24,0.0
U0473,C0009,2023-09-16,62.6
U0238,C0043,2023-11-03,163.17
U0117,C0096,2023-04-05,0.0
U0016,C0096,2024-04-08,0.0
U0204,C0020,2023-09-03,152.16
U0156,C0061,2024-09-26,0.0
U0378,C0050,2023-07-06,45.05
U0173,C0090,2024-01-08,49.77
U0480,C0023,2024-07-25,80.38
U0484,C0001,2024-02-10,102.05
U0307,C0011,2024-02-12,127.46
U0472,C0030,2023-05-05,80.08
U0377,C0028,2023-12-03,97.87
U0263,C0079,2023-12-07,0.0
U0091,C0064,2024-07-16,152.01
U0222,C0024,2023-06-27,0.0
U0270,C0046,2024-10-12,16.96
U0435,C0009,2023-06-19,57.95
U0232,C0092,2023-02-08,145.53
U0451,C0096,2023-03-10,0.0
U0334,C0099,2023-08-24,0.0
U0063,C0089,2024-07-13,180.08
U0496,C0012,2024-01-16,107.21
U0252,C0008,2023-02-26,111.09
U0189,C0056,2023-10-04,30.35
U0328,C0093,2023-04-09,0.0
U0052,C0013,2024-06-10,95.0
U0316,C0001,2023-11-21,111.19
U0239,C0080,2024-04-05,0.0
U0200,C0008,2023-06-28,56.06
U0481,C0037,2024-07-27,61.15
U0249,C0064,2023-04-29,81.67
U0222,C0008,2024-07-02,13.8
U0469,C0075,2024-10-07,71.19
U0088,C0062,2024-03-30,0.0
U0111,C0100,2023-01-26,50.17
U0004,C0029,2024-05-04,72.21
U0005,C0008,2023-01-08,32.74
U0364,C0054,2024-06-16,0.0
U0173,C0018,2023-05-29,0.0
U0343,C0076,2024-05-02,179.19
U0191,C0015,2023-01-25,122.77
U0480,C0022,2024-10-16,139.02
U0487,C0008,2024-07-08,159.93
U0190,C0037,2024-02-29,104.69
U0427,C0037,2023-10-20,26.5
U0385,C0052,2023-07-04,112.04
U0160,C0070,2024-07-07,121.49
U0117,C0092,2024-03-06,151.62
U0222,C0010,2024-08-26,92.01
U0387,C0008,2023-11-13,34.23
U0484,C0002,2024-02-02,63.91
U0380,C0010,2023-11-20,78.98
U0428,C0062,2024-07-18,0.0
U0298,C0071,2024-08-18,0.0
U0413,C0078,2024-06-29,132.71
U0389,C0020,2023-03-17,118.44
U0182,C0024,2024-12-09,0.0
U0265,C0050,2024-04-30,77.65
U0397,C0008,2023-03-29,197.43
U0017,C0059,2023-08-20,0.0
U0398,C0100,2023-01-07,125.09
U0090,C0031,2024-07-03,0.0
U0246,C0075,2023-02-21,55.06
U0398,C0051,2024-10-16,29.33
U0133,C0009,2024-01-31,39.03
U0129,C0057,2023-08-09,56.72
U0196,C0024,2024-03-03,0.0
U0450,C0005,2023-05-23,0.0
U0001,C0062,2023-12-29,0.0
U0453,C0087,2024-01-17,40.52
U0073,C0029,2024-07-14,45.44
U0496,C0036,2023-10-04,64.16
U0481,C0091,2023-09-28,42.93
U0238,C0081,2023-01-14,180.38
U0246,C0070,2023-10-25,25.23
U0232,C0021,2024-04-08,109.65
U0315,C0093,2024-06-10,0.0
U0047,C0010,2023-08-22,87.97
U0010,C0062,2024-07-28,0.0
U0024,C0005,2024-12-08,0.0
U0216,C0062,2023-01-27,0.0
U0146,C0023,2024-04-15,196.64
U0308,C0043,2023-04-03,31.28
U0496,C0029,2024-09-08,85.58
U0186,C0012,2023-11-05,194.19
U0277,C0060,2023-02-21,0.0
U0204,C0091,2023-11-15,174.44
U0421,C0097,2023-06-30,165.23
U0453,C0015,2024-07-22,58.99
U0440,C0071,2023-04-30,0.0
U0490,C0063,2023-02-12,42.46
U0010,C0029,2024-10-08,137.03
U0416,C0002,2023-09-17,186.57
U0373,C0067,2023-07-16,0.0
U0481,C0062,2023-09-12,0.0
U0070,C0039,2023-12-02,115.77
U0337,C0054,2024-07-06,0.0
U0115,C0015,2024-05-16,118.6
U0207,C0075,2023-09-12,63.19
U0356,C0075,2024-05-28,156.19
U0271,C0010,2024-12-07,45.53
U0206,C0090,2023-08-30,71.49
U0163,C0023,2023-05-29,90.82
U0416,C0099,2024-12-10,0.0
U0068,C0034,2023-10-26,106.44
U0207,C0013,2024-09-11,56.05
U0455,C0030,2024-03-28,31.81
U0420,C0042,2024-01-28,126.01
U0195,C0008,2023-07-31,64.83
U0380,C0056,2024-10-29,120.43
U0407,C0057,2024-06-21,39.32
U0447,C0073,2024-08-16,0.0
U0263,C0005,2024-08-17,0.0
U0105,C0054,2023-05-11,0.0
U0133,C0008,2023-11-25,101.41
U0152,C0068,2024-09-03,111.18
U0293,C0008,2023-09-13,19.84
U0010,C0093,2024-04-23,0.0
U0316,C0068,2024-07-14,73.94
U0179,C0051,2023-03-04,35.53
U0152,C0043,2023-11-07,22.03
U0441,C0010,2024-02-11,198.08
U0047,C0089,2024-09-08,71.24
U0408,C0092,2023-01-15,163.87
U0017,C0001,2024-11-17,58.37
U0362,C0057,2023-09-16,139.48
U0385,C0071,2024-12-23,0.0
U0172,C0060,2024-02-16,0.0
U0407,C0008,2023-09-16,154.43
U0246,C0019,2024-09-05,123.16
U0222,C0021,2023-09-17,99.59
U0016,C0084,2024-11-01,88.24
U0152,C0046,2023-02-14,76.27
U0473,C0050,2023-11-27,186.6
U0189,C0096,2023-06-14,0.0
U0263,C0062,2023-07-12,0.0
U0257,C0092,2024-06-04,167.81
U0291,C0046,2024-02-05,193.35
U0025,C0010,2024-01-09,33.61
U0178,C0094,2023-03-06,148.85
U0361,C0046,2024-01-22,188.27
U0103,C0014,2024-05-09,44.42
U0104,C0024,2024-11-23,0.0
U0004,C0008,2024-02-19,22.62
U0212,C0047,2023-01-30,150.8
U0444,C0087,2023-09-23,119.14
U0019,C0095,2023-11-24,169.94
U0099,C0095,2024-05-06,36.55
U0364,C0034,2023-11-16,161.09
U0320,C0005,2024-02-03,0.0
U0204,C0087,2023-04-15,48.3
U0377,C0031,2024-11-26,0.0
U0300,C0062,2023-11-26,0.0
U0451,C0070,2024-10-21,41.08
U0406,C0039,2024-09-08,41.2
U0133,C0024,2023-02-16,0.0
U0143,C0097,2024-08-21,164.76
U0061,C0097,2024-10-02,136.38
U0169,C0023,2023-11-10,109.37
U0500,C0050,2023-05-27,78.17
U0199,C0099,2024-04-06,0.0
U0113,C0001,2024-08-06,176.66
U0380,C0037,2024-04-30,84.55
U0263,C0009,2024-10-13,165.14
U0070,C0051,2024-02-14,93.43
U0184,C0002,2023-01-27,81.61
U0204,C0037,2023-01-29,97.9
U0374,C0019,2023-09-28,67.25
U0008,C0054,2024-11-16,0.0
U0142,C0100,2024-05-15,152.04
U0248,C0080,2023-09-10,0.0
U0311,C0062,2023-03-01,0.0
U0232,C0007,2023-04-17,105.51
U0178,C0015,2023-08-08,54.11
U0313,C0031,2024-10-19,0.0
U0269,C0068,2024-07-25,180.91
U0387,C0024,2024-06-29,0.0
U0349,C0023,2023-04-06,82.93
U0087,C0100,2023-03-30,113.27
U0218,C0037,2023-10-02,182.22
U0076,C0099,2023-09-03,0.0
U0091,C0062,2023-04-21,0.0
U0048,C0075,2023-08-22,128.6
U0396,C0005,2023-10-05,0.0
U0060,C0009,2024-04-21,32.2
U0061,C0062,2024-02-21,0.0
U0424,C0092,2024-11-08,188.56
U0172,C0061,2023-05-08,0.0
U0010,C0010,2023-08-25,129.25
U0019,C0009,2024-09-10,73.62
U0067,C0087,2023-05-08,36.45
U0110,C0010,2024-12-07,160.85
U0075,C0006,2024-04-19,127.8
U0059,C0008,2024-10-16,111.35
U0380,C0063,2024-01-30,179.83
U0331,C0067,2023-04-21,0.0
U0264,C0019,2023-10-07,159.82
U0160,C0081,2023-11-29,38.81
U0233,C0019,2023-08-12,69.22
U0242,C0054,2023-04-11,0.0
U0187,C0098,2023-05-12,0.0
U0006,C0096,2024-04-01,0.0
U0388,C0014,2024-03-16,57.2
U0061,C0055,2023-04-08,0.0
U0395,C0032,2023-04-30,151.34
U0303,C0097,2023-10-20,16.36
U0420,C0023,2024-12-11,118.27
U0048,C0037,2023-01-01,154.86
U0269,C0099,2024-07-25,0.0
U0239,C0054,2023-09-07,0.0
U0347,C0051,2024-10-13,176.58
U0258,C0021,2023-05-29,74.99
U0260,C0068,2024-01-30,166.03
U0206,C0002,2023-02-13,31.01
U0232,C0057,2024-09-11,170.82
U0059,C0029,2023-02-13,34.21
U0484,C0096,2023-03-19,0.0
U0350,C0092,2023-08-14,85.47
U0480,C0070,2023-06-11,161.48
U0441,C0063,2023-05-12,38.47
U0398,C0009,2024-03-23,53.55
U0336,C0075,2024-04-18,147.22
U0310,C0017,2024-10-17,146.8
U0161,C0029,2023-04-19,131.81
U0404,C0081,2024-12-06,141.84
U0031,C0087,2024-04-11,113.11
U0160,C0017,2023-10-02,57.83
U0474,C0059,2023-07-06,0.0
U0424,C0008,2023-08-31,75.67
U0494,C0062,2023-09-21,0.0
U0310,C0075,2024-06-05,44.49
U0130,C0057,2024-11-08,182.6
U0081,C0023,2024-06-24,120.83
U0095,C0005,2023-03-28,0.0
U0007,C0009,2024-06-18,86.15
U0189,C0060,2023-07-29,0.0
U0202,C0015,2024-04-11,97.77
U0474,C0073,2024-06-23,0.0
U0207,C0088,2023-01-26,189.97
U0441,C0054,2023-09-23,0.0
U0300,C0063,2023-06-24,39.13
U0130,C0081,2024-05-30,121.37
U0173,C0022,2023-11-07,106.11
U0042,C0023,2023-11-18,126.17
U0166,C0001,2024-08-01,13.43
U0336,C0097,2023-05-15,175.69
U0031,C0093,2023-02-24,0.0
U0106,C0075,2024-06-26,187.09
U0184,C0008,2024-08-08,117.37
U0494,C0043,2024-06-14,142.35
U0389,C0009,2023-06-05,185.26
U0364,C0002,2024-10-29,144.37
U0056,C0060,2023-05-27,0.0
U0387,C0097,2024-04-29,38.97
U0390,C0092,2024-08-21,119.48
U0297,C0068,2023-01-20,125.27
U0476,C0029,2024-07-08,90.57
U0464,C0075,2024-02-05,149.91
U0004,C0080,2023-11-02,0.0
U0218,C0034,2023-01-28,187.52
U0492,C0037,2024-04-11,185.85
U0050,C0007,2023-09-17,95.65
U0492,C0045,2023-04-11,31.51
U0268,C0009,2024-07-04,197.11
U0098,C0045,2023-12-19,169.38
U0284,C0087,2023-10-27,33.68
U0105,C0057,2024-11-12,184.95
U0248,C0008,2023-10-23,175.27
U0031,C0015,2023-12-19,108.57
U0248,C0031,2023-06-05,0.0
U0367,C0031,2023-03-15,0.0
U0311,C0054,2023-12-08,0.0
U0264,C0057,2024-04-09,122.33
U0341,C0080,2023-03-31,0.0
U0068,C0029,2024-08-01,85.8
U0087,C0029,2024-12-12,20.39
U0471,C0008,2023-11-28,73.68
U0030,C0054,2023-12-14,0.0
U0207,C0057,2023-08-21,162.53
U0341,C0095,2024-08-20,10.87
U0222,C0071,2023-04-12,0.0
U0047,C0093,2024-04-25,0.0
U0267,C0093,2023-08-02,0.0
U0321,C0058,2023-04-18,0.0
U0346,C0054,2023-06-14,0.0
U0181,C0054,2024-08-25,0.0
U0271,C0099,2024-12-04,0.0
U0284,C0076,2024-02-28,73.35
U0251,C0011,2024-09-04,85.64
U0133,C0043,2023-12-30,112.1
U0001,C0017,2023-03-01,184.76
U0088,C0067,2024-04-26,0.0
U0056,C0090,2023-09-07,75.8
U0218,C0023,2024-07-13,75.91
U0301,C0008,2023-04-27,150.12
U0110,C0024,2024-06-28,0.0
U0476,C0063,2023-02-13,95.91
U0002,C0029,2024-05-23,52.66
U0385,C0023,2023-06-14,95.95
U0310,C0014,2024-01-03,36.75
U0181,C0050,2023-10-19,43.5
U0018,C0023,2023-10-13,104.68
U0310,C0073,2023-07-23,0.0
U0185,C0008,2024-11-14,89.59
U0262,C0020,2023-05-01,183.81
U0476,C0050,2024-10-25,78.84
U0113,C0023,2024-10-25,120.3
U0304,C0096,2023-01-13,0.0
U0365,C0093,2024-08-25,0.0
U0111,C0057,2023-07-19,130.12
U0328,C0046,2024-08-08,12.48
U0239,C0081,2024-03-31,136.06
U0367,C0064,2024-03-23,43.82
U0164,C0014,2023-03-12,192.59
U0447,C0082,2024-08-12,0.0
U0043,C0039,2023-05-10,38.24
U0397,C0014,2023-02-12,88.77
U0431,C0023,2024-06-03,26.21
U0404,C0023,2023-01-13,199.4
U0246,C0054,2024-12-25,0.0
U0213,C0020,2024-09-14,105.41
U0497,C0009,2024-06-18,123.11
U0117,C0009,2023-10-29,22.73
U0263,C0057,2024-06-10,152.48
U0330,C0073,2024-10-03,0.0
U0344,C0029,2024-07-26,49.87
U0105,C0005,2023-04-25,0.0
U0406,C0093,2024-05-19,0.0
U0018,C0050,2023-11-04,180.62
U0458,C0045,2023-11-21,48.97
U0010,C0006,2024-08-01,46.22
U0173,C0072,2023-06-24,16.93
U0005,C0054,2024-05-28,0.0
U0036,C0015,2023-06-21,99.68
U0458,C0009,2024-05-16,117.31
U0173,C0034,2023-11-30,22.47
U0205,C0086,2023-10-11,157.34
U0111,C0088,2024-04-19,96.11
U0294,C0058,2023-02-23,0.0
U0293,C0071,2024-04-02,0.0
U0181,C0009,2024-08-01,109.62
U0166,C0057,2024-02-24,93.73
U0446,C0063,2024-09-05,86.13
U0184,C0015,2024-09-23,116.32
U0238,C0091,2024-12-03,39.49
U0149,C0015,2024-02-13,44.56
U0391,C0027,2023-10-31,0.0
U0193,C0060,2024-07-12,0.0
U0246,C0062,2023-08-10,0.0
U0133,C0068,2024-06-16,173.73
U0206,C0049,2023-08-23,189.75
U0107,C0099,2024-10-23,0.0
U0396,C0073,2024-02-09,0.0
U0166,C0009,2023-09-14,80.92
U0436,C0075,2024-11-07,61.43
U0464,C0009,2024-08-11,132.35
U0430,C0003,2024-08-19,87.65
U0011,C0037,2024-07-11,14.81
U0391,C0100,2023-02-16,39.66
U0202,C0012,2023-08-01,146.02
U0439,C0063,2024-04-23,135.19
U0316,C0012,2024-05-01,15.14
U0410,C0071,2024-07-24,0.0
U0239,C0051,2024-07-19,52.16
U0258,C0064,2023-12-08,53.89
U0068,C0015,2024-06-07,137.65
U0389,C0075,2024-12-04,13.74
U0204,C0100,2024-05-17,29.77
U0239,C0063,2023-01-06,161.97
U0390,C0050,2023-05-24,43.91
U0103,C0002,2024-08-07,134.01
U0291,C0073,2024-11-16,0.0
U0200,C0091,2023-08-20,55.24
U0226,C0008,2023-09-27,28.88
U0010,C0043,2024-03-22,56.19
U0109,C0015,2023-08-10,147.22
U0149,C0055,2023-02-21,0.0
U0350,C0062,2023-04-26,0.0
U0004,C0024,2024-06-21,0.0
U0201,C0046,2024-07-18,172.57
U0470,C0023,2024-06-24,167.73
U0053,C0031,2023-01-19,0.0
U0248,C0011,2024-01-27,85.45
U0476,C0001,2024-09-09,136.93
U0369,C0091,2024-02-23,48.94
U0358,C0055,2023-11-05,0.0
U0408,C0029,2023-07-05,65.69
U0216,C0071,2023-09-18,0.0
U0397,C0051,2024-06-11,180.29
U0002,C0050,2023-09-30,12.46
U0471,C0009,2023-06-09,26.24
U0215,C0036,2023-08-12,49.49
U0267,C0020,2023-09-13,15.03
U0133,C0002,2023-06-29,44.46
U0036,C0008,2024-09-15,120.77
U0438,C0021,2024-09-23,90.06
U0111,C0009,2024-04-12,179.6
U0398,C0015,2024-09-14,165.3
U0313,C0001,2024-05-27,74.94
U0181,C0062,2023-02-27,0.0
U0143,C0010,2023-04-03,59.28
U0117,C0093,2023-08-09,0.0
U0162,C0009,2024-12-23,82.13
U0036,C0059,2023-12-30,0.0
U0408,C0001,2024-09-06,122.15
U0172,C0091,2024-07-15,60.92
U0248,C0054,2024-01-09,0.0
U0394,C0023,2024-09-13,128.58
U0446,C0075,2024-03-31,87.78
U0172,C0093,2023-03-29,0.0
U0222,C0050,2023-01-20,114.88
U0204,C0028,2023-01-14,92.85
U0004,C0079,2023-05-13,0.0
U0152,C0064,2023-02-03,65.94
U0222,C0091,2023-07-27,190.2
U0202,C0068,2023-07-18,155.08
U0359,C0020,2024-08-14,36.61
U0184,C0094,2024-08-05,175.0
U0237,C0009,2023-06-04,102.6
U0206,C0023,2024-08-12,179.95
U0367,C0054,2023-03-19,0.0
U0433,C0054,2023-06-21,0.0
U0257,C0002,2023-10-16,161.96
U0393,C0076,2024-06-28,90.78
U0153,C0031,2024-02-24,0.0
U0262,C0037,2023-01-07,14.26
U0172,C0081,2023-06-09,61.04
U0203,C0032,2023-08-28,112.9
U0364,C0008,2024-02-27,130.35
U0443,C0013,2024-06-19,58.99
U0060,C0097,2024-12-26,36.47
U0315,C0008,2023-03-11,168.63
U0059,C0051,2023-04-14,197.03
U0110,C0050,2024-12-27,109.87
U0160,C0001,2023-02-23,42.61
U0083,C0051,2023-11-26,61.73
U0128,C0034,2023-07-22,13.48
U0142,C0099,2023-10-15,0.0
U0168,C0011,2023-02-14,183.71
U0372,C0030,2023-07-17,32.36
U0276,C0037,2023-08-04,119.53
U0204,C0063,2023-11-05,62.06
U0438,C0019,2023-11-28,115.28
U0337,C0072,2024-11-26,133.76
U0202,C0051,2023-01-27,167.64
U0374,C0037,2023-06-15,49.21
U0104,C0011,2023-11-14,12.08
U0263,C0001,2024-01-18,36.0
U0277,C0008,2023-12-31,180.99
U0479,C0091,2024-05-17,176.03
U0341,C0023,2024-01-08,123.5
U0238,C0029,2024-09-07,124.09
U0474,C0009,2023-09-02,136.35
U0214,C0035,2023-06-18,43.31
U0493,C0006,2024-09-19,183.73
U0245,C0093,2024-10-14,0.0
U0055,C0063,2024-02-22,89.56
U0380,C0100,2023-12-22,82.79
U0337,C0091,2024-04-22,108.58
U0385,C0049,2023-05-05,18.91
U0480,C0054,2024-06-20,0.0
U0387,C0015,2024-12-06,41.58
U0301,C0046,2024-09-03,150.22
U0429,C0092,2024-02-06,25.72
U0333,C0008,2024-05-31,124.59
U0201,C0088,2024-06-14,56.61
U0447,C0029,2024-11-12,83.96
U0114,C0092,2023-09-11,64.84
U0351,C0096,2023-05-01,0.0
U0443,C0063,2023-02-01,77.57
U0364,C0063,2024-10-22,146.61
U0343,C0045,2023-02-06,66.44
U0374,C0086,2024-11-19,117.61
U0223,C0097,2023-12-08,100.44
U0439,C0075,2023-01-13,136.09
U0104,C0060,2023-07-02,0.0
U0062,C0059,2024-10-18,0.0
U0150,C0087,2023-09-22,187.99
U0256,C0054,2023-03-29,0.0
U0243,C0080,2024-04-06,0.0
U0407,C0051,2023-02-15,149.18
U0198,C0008,2024-01-27,50.83
U0234,C0034,2023-04-29,15.91
U0004,C0043,2024-06-14,59.82
U0201,C0010,2024-03-22,123.05
U0149,C0008,2024-05-22,19.76
U0108,C0024,2024-07-11,0.0
U0015,C0075,2024-06-09,104.3
U0232,C0097,2024-08-19,123.39
U0093,C0071,2023-01-03,0.0
U0367,C0100,2023-01-28,73.5
U0421,C0068,2024-01-16,156.46
U0263,C0023,2023-06-06,30.24
U0494,C0063,2024-05-25,24.27
U0218,C0068,2023-11-29,148.35
U0246,C0031,2024-11-17,0.0
U0496,C0002,2023-04-24,104.13
U0476,C0002,2024-05-01,140.79
U0015,C0062,2023-09-07,0.0
U0217,C0011,2024-07-24,92.61
U0031,C0054,2024-12-15,0.0
U0364,C0051,2023-11-11,56.81
U0300,C0002,2023-08-27,165.62
U0348,C0031,2023-08-22,0.0
U0181,C0057,2023-10-30,161.88
U0016,C0091,2024-10-14,141.98
U0172,C0050,2023-11-30,61.7
U0472,C0071,2023-04-23,0.0
U0182,C0029,2024-09-12,122.13
U0419,C0015,2023-04-07,78.58
U0313,C0027,2024-07-09,0.0
U0050,C0065,2024-01-25,0.0
U0018,C0069,2024-09-11,27.39
U0282,C0031,2023-08-05,0.0
U0264,C0038,2023-09-17,184.28
U0248,C0043,2023-11-16,35.99
U0172,C0063,2023-07-15,190.54
U0336,C0028,2024-04-22,94.73
U0377,C0064,2024-02-22,45.17
U0005,C0090,2024-04-19,112.95
U0107,C0020,2024-08-29,175.85
U0350,C0099,2024-07-21,0.0
U0186,C0034,2024-06-27,149.11
U0328,C0023,2023-08-19,163.24
U0172,C0038,2024-06-04,135.16
U0189,C0009,2024-12-03,141.52
U0076,C0009,2023-07-19,171.34
U0134,C0037,2024-11-03,57.43
U0300,C0075,2024-08-21,102.98
U0207,C0092,2023-01-21,52.02
U0386,C0063,2023-11-07,197.65
U0426,C0009,2024-08-10,189.36
U0262,C0063,2024-10-14,17.48
U0376,C0062,2024-09-29,0.0
U0158,C0080,2024-08-18,0.0
U0204,C0082,2024-03-09,0.0
U0350,C0088,2024-01-06,144.05
U0186,C0037,2024-07-13,185.79
U0290,C0068,2023-03-19,44.3
U0095,C0023,2024-06-25,117.9
U0297,C0100,2023-10-12,183.93
U0431,C0012,2024-10-09,16.44
U0437,C0001,2023-05-20,142.5
U0361,C0010,2024-07-06,66.49
U0369,C0076,2023-10-09,185.63
U0269,C0043,2024-07-15,194.49
U0285,C0043,2023-09-15,189.4
U0216,C0093,2024-03-15,0.0
U0218,C0026,2023-09-27,0.0
U0484,C0017,2023-05-14,100.09
U0207,C0087,2024-10-01,173.78
U0264,C0092,2023-04-14,170.45
U0257,C0054,2023-04-05,0.0
U0316,C0062,2024-12-29,0.0
U0371,C0021,2024-07-26,70.62
U0115,C0080,2024-04-24,0.0
U0253,C0062,2023-08-29,0.0
U0408,C0051,2023-01-13,167.48
U0149,C0093,2024-08-23,0.0
U0324,C0060,2023-04-05,0.0
U0407,C0015,2023-10-20,17.02
U0027,C0059,2023-01-25,0.0
U0387,C0064,2023-09-29,123.28
U0494,C0057,2023-03-28,53.69
U0391,C0096,2024-10-15,0.0
U0385,C0008,2024-10-07,32.9
U0370,C0009,2024-09-29,24.61
U0071,C0012,2024-05-05,142.28
U0112,C0067,2023-05-21,0.0
U0222,C0062,2023-04-13,0.0
U0139,C0091,2023-08-14,74.57
U0204,C0073,2024-07-28,0.0
U0447,C0051,2023-10-21,147.7
U0407,C0100,2023-11-02,22.41
U0311,C0023,2023-09-11,69.9
U0430,C0085,2023-06-29,0.0
U0389,C0038,2023-02-09,112.49
U0206,C0062,2024-12-01,0.0
U0103,C0071,2024-06-03,0.0
U0365,C0010,2024-06-29,160.23
U0211,C0043,2023-08-24,70.55
U0329,C0054,2024-04-07,0.0
U0047,C0087,2023-08-16,128.91
U0371,C0043,2024-11-30,178.33
U0401,C0093,2024-04-27,0.0
U0348,C0042,2024-03-05,127.0
U0487,C0054,2023-01-22,0.0
U0408,C0080,2023-12-09,0.0
U0455,C0057,2023-02-09,54.25
U0474,C0097,2023-06-22,14.63
U0396,C0062,2024-03-14,0.0
U0002,C0002,2024-08-20,175.31
U0223,C0037,2023-05-13,14.03
U0274,C0024,2023-12-17,0.0
U0157,C0075,2024-06-08,176.18
U0161,C0017,2024-06-23,110.49
U0484,C0015,2024-05-20,188.41
U0447,C0015,2023-03-25,161.76
U0423,C0009,2024-04-08,199.6
U0200,C0026,2023-12-09,0.0
U0004,C0091,2023-10-07,76.63
U0038,C0075,2023-09-20,155.76
U0160,C0073,2023-06-15,0.0
U0005,C0080,2023-10-20,0.0
U0006,C0023,2024-05-23,86.36
U0465,C0091,2024-08-02,101.17
U0347,C0010,2023-08-14,129.22
U0158,C0029,2023-06-19,175.99
U0063,C0057,2024-08-20,196.97
U0244,C0009,2024-10-06,155.96
U0002,C0073,2024-03-23,0.0
U0204,C0078,2024-05-16,89.37
U0189,C0013,2024-01-14,90.05
U0030,C0073,2023-07-20,0.0
U0317,C0021,2024-09-10,150.13
U0364,C0050,2023-09-07,55.36
U0279,C0063,2023-05-05,30.98
U0272,C0032,2023-04-23,77.37
U0437,C0096,2023-05-17,0.0
U0182,C0090,2024-05-10,64.57
U0181,C0070,2024-11-08,66.29
U0305,C0070,2023-05-30,54.38
U0313,C0021,2023-12-09,17.99
U0226,C0062,2024-08-02,0.0
U0215,C0015,2023-11-17,13.39
U0238,C0010,2024-06-15,197.66
U0431,C0100,2023-10-16,91.27
U0222,C0060,2024-05-03,0.0
U0476,C0039,2024-05-06,83.01
U0242,C0023,2024-09-03,139.12
U0480,C0058,2023-09-09,0.0
U0410,C0008,2023-03-18,51.46
U0178,C0009,2024-10-08,190.48
U0434,C0005,2024-01-27,0.0
U0052,C0050,2024-02-16,159.4
U0471,C0057,2023-06-22,26.98
U0313,C0008,2023-07-20,89.33
U0022,C0071,2023-08-05,0.0
U0323,C0020,2024-01-11,177.02
U0490,C0065,2024-12-20,0.0
U0030,C0099,2024-08-08,0.0
U0268,C0068,2023-01-11,189.49
U0370,C0091,2023-01-12,98.8
U0398,C0096,2024-08-12,0.0
U0203,C0050,2024-03-10,126.54
U0105,C0068,2024-11-14,41.73
U0015,C0087,2024-08-30,198.31
U0280,C0031,2024-01-08,0.0
U0220,C0022,2023-09-30,54.01
U0480,C0096,2024-11-21,0.0
U0025,C0071,2024-07-29,0.0
U0337,C0019,2024-05-23,189.11
U0087,C0080,2023-11-15,0.0
U0220,C0062,2023-06-17,0.0
U0337,C0075,2024-02-01,133.42
U0458,C0060,2023-06-29,0.0
U0318,C0054,2023-02-27,0.0
U0481,C0075,2024-04-24,125.46
U0443,C0071,2024-08-13,0.0
U0285,C0062,2024-04-04,0.0
U0410,C0031,2023-03-02,0.0
U0322,C0037,2024-01-04,107.4
U0037,C0099,2023-05-01,0.0
U0047,C0023,2024-06-29,53.82
U0293,C0050,2024-08-04,43.53
U0344,C0086,2023-01-17,51.88
U0029,C0011,2024-05-10,45.41
U0117,C0023,2024-05-11,158.11
U0464,C0008,2024-05-19,76.51
U0304,C0069,2024-06-15,20.98
U0130,C0020,2023-11-11,194.12
U0341,C0035,2023-03-10,177.91
U0294,C0043,2024-12-27,186.26
U0239,C0091,2023-06-10,199.02
U0182,C0054,2023-05-25,0.0
U0396,C0097,2024-07-22,43.03
U0446,C0059,2024-08-17,0.0
U0061,C0100,2024-01-20,85.28
U0103,C0086,2023-09-26,154.06
U0112,C0006,2024-03-29,142.23
U0341,C0062,2024-11-29,0.0
U0298,C0023,2024-06-01,39.23
U0305,C0054,2023-12-16,0.0
U0476,C0023,2023-04-20,165.0
U0386,C0030,2024-04-27,52.63
U0062,C0093,2024-02-11,0.0
U0172,C0015,2024-10-11,52.52
U0210,C0090,2023-02-20,112.02
U0192,C0005,2024-02-07,0.0
U0330,C0008,2024-07-16,122.65
U0447,C0087,2024-04-20,120.21
U0157,C0062,2023-03-28,0.0
U0265,C0075,2023-03-09,27.37
U0393,C0017,2024-08-18,176.71
U0204,C0054,2023-02-11,0.0
U0084,C0073,2024-12-31,0.0
U0231,C0062,2023-02-26,0.0
U0023,C0049,2023-07-15,60.45
U0476,C0097,2024-11-08,34.6
U0032,C0063,2023-03-03,178.85
U0213,C0092,2023-09-20,191.56
U0256,C0073,2023-04-22,0.0
U0494,C0073,2024-12-11,0.0
U0083,C0008,2023-06-27,173.79
U0055,C0031,2023-01-26,0.0
U0074,C0020,2024-06-14,163.8
U0107,C0009,2023-11-13,134.49
U0311,C0029,2024-06-15,114.65
U0113,C0019,2023-04-16,26.52
U0008,C0093,2024-04-08,0.0
U0408,C0088,2023-09-03,87.6
U0172,C0008,2024-10-23,80.8
U0157,C0070,2024-01-31,59.34
U0492,C0061,2024-06-05,0.0
U0085,C0099,2023-09-21,0.0
U0452,C0054,2024-10-22,0.0
U0387,C0029,2023-10-01,147.44
U0036,C0054,2024-12-06,0.0
U0496,C0099,2023-06-21,0.0
U0143,C0068,2023-09-22,104.21
U0049,C0063,2023-01-26,25.39
U0408,C0020,2024-04-13,51.82
U0348,C0075,2024-04-20,139.81
U0304,C0075,2023-12-22,24.45
U0074,C0029,2023-01-26,171.72
U0232,C0050,2023-02-03,104.07
U0387,C0023,2023-09-21,101.3
U0157,C0021,2023-05-18,122.55
U0160,C0002,2024-11-25,166.68
U0002,C0023,2024-07-19,76.07
U0088,C0054,2024-04-06,0.0
U0439,C0001,2023-06-17,138.81
U0215,C0023,2024-09-22,117.48
U0494,C0091,2024-10-16,60.73
U0191,C0057,2023-03-22,176.93
U0351,C0059,2024-02-11,0.0
U0179,C0063,2023-02-15,161.5
U0098,C0015,2024-08-21,135.1
U0496,C0062,2024-12-04,0.0
U0328,C0029,2024-04-20,171.6
U0103,C0075,2024-08-14,174.78
U0016,C0054,2023-01-16,0.0
U0062,C0045,2023-12-26,144.58
U0270,C0011,2024-05-01,169.02
U0476,C0099,2024-05-16,0.0
U0005,C0082,2023-05-21,0.0
U0249,C0008,2024-09-11,142.51
U0229,C0031,2024-03-22,0.0
U0325,C0093,2023-10-17,0.0
U0269,C0051,2023-07-28,139.22
U0338,C0062,2024-04-19,0.0
U0326,C0093,2024-02-17,0.0
U0396,C0051,2024-03-02,127.53
U0061,C0039,2024-01-06,153.01
U0343,C0029,2024-10-25,40.12
U0204,C0071,2023-10-17,0.0
U0246,C0023,2024-03-07,177.36
U0455,C0021,2023-09-25,175.64
U0447,C0031,2023-05-31,0.0
U0406,C0013,2024-12-19,15.55
U0243,C0068,2023-09-12,166.9
U0365,C0060,2023-12-19,0.0
U0246,C0050,2024-01-12,34.48
U0437,C0036,2024-10-14,73.66
U0196,C0093,2023-12-24,0.0
U0487,C0005,2024-08-30,0.0
U0474,C0075,2024-01-05,151.26
U0367,C0092,2023-08-15,40.53
U0149,C0043,2024-12-05,165.4
U0427,C0096,2024-01-24,0.0
U0082,C0017,2024-01-12,168.1
U0427,C0054,2023-04-28,0.0
U0238,C0050,2023-01-05,106.41
U0200,C0021,2024-03-19,11.2
U0455,C0081,2023-12-18,64.53
U0298,C0092,2024-06-16,127.21
U0278,C0077,2024-10-25,0.0
U0269,C0015,2024-10-01,196.42
U0390,C0059,2024-10-19,0.0
U0450,C0054,2024-10-25,0.0
U0169,C0062,2023-12-26,0.0
U0277,C0038,2024-04-13,130.03
U0169,C0015,2024-09-19,59.35
U0496,C0024,2024-11-30,0.0
U0133,C0062,2023-09-08,0.0
U0248,C0076,2023-05-30,130.45
U0249,C0075,2024-03-27,112.59
U0290,C0099,2023-06-11,0.0
U0373,C0023,2023-04-30,158.16
U0297,C0029,2023-12-17,30.32
U0022,C0075,2023-04-09,154.59
U0182,C0040,2023-06-16,112.83
U0142,C0054,2024-05-28,0.0
U0268,C0094,2024-10-25,192.96
U0103,C0096,2024-02-05,0.0
U0121,C0046,2024-07-30,74.95
U0480,C0059,2023-11-22,0.0
U0479,C0021,2024-08-03,130.19
U0300,C0037,2024-09-24,187.08
U0471,C0064,2024-09-12,29.47
U0390,C0020,2023-09-04,188.06
U0291,C0058,2024-03-09,0.0
U0002,C0068,2023-04-03,140.69
U0344,C0050,2024-09-06,22.88
U0303,C0023,2024-09-15,67.17
U0377,C0071,2023-11-17,0.0
U0246,C0015,2023-03-03,144.54
U0346,C0091,2023-10-27,22.79
U0474,C0039,2024-02-07,120.6
U0182,C0015,2024-10-09,75.71
U0349,C0040,2024-07-20,127.96
U0231,C0037,2024-09-11,18.68
U0334,C0039,2023-10-30,175.58
U0380,C0057,2023-09-10,194.95
U0323,C0010,2024-01-04,194.08
U0117,C0008,2024-11-09,152.42
U0330,C0072,2023-06-09,34.71
U0225,C0054,2023-06-15,0.0
U0385,C0031,2023-07-24,0.0
U0310,C0034,2023-05-18,154.06
U0149,C0080,2024-01-03,0.0
U0426,C0024,2024-03-18,0.0
U0472,C0008,2024-07-20,14.66
U0497,C0095,2024-12-21,14.19
U0394,C0036,2023-01-17,71.48
U0374,C0079,2023-03-09,0.0
U0111,C0023,2023-05-13,102.83
U0223,C0090,2024-03-05,156.37
U0385,C0007,2023-11-04,139.82
U0464,C0083,2024-10-11,94.71
U0097,C0055,2023-06-23,0.0
U0469,C0059,2024-02-16,0.0
U0341,C0054,2023-04-07,0.0
U0301,C0090,2024-11-13,61.98
U0103,C0007,2023-06-03,199.44
U0023,C0022,2024-11-25,90.96
U0272,C0090,2023-08-30,95.75
U0323,C0075,2023-10-31,41.08
U0110,C0002,2023-10-12,161.0
U0268,C0052,2023-01-27,141.79
U0429,C0054,2024-02-06,0.0
U0413,C0037,2023-12-26,51.94
U0472,C0023,2023-03-01,25.64
U0179,C0064,2023-07-21,139.28
U0372,C0080,2024-01-05,0.0
U0207,C0080,2024-06-16,0.0
U0149,C0023,2023-04-12,134.35
U0204,C0023,2024-08-29,61.91
U0152,C0050,2024-03-21,190.65
U0165,C0071,2023-08-17,0.0
U0152,C0031,2023-05-05,0.0
U0014,C0059,2023-08-24,0.0
U0316,C0034,2023-06-11,38.69
U0294,C0024,2024-07-07,0.0
U0099,C0001,2023-03-09,92.13
U0152,C0020,2023-06-22,189.28
U0306,C0037,2024-09-28,89.74
U0297,C0087,2024-11-12,131.31
U0242,C0080,2024-07-12,0.0
U0172,C0023,2023-09-18,85.53
U0462,C0021,2023-08-05,62.09
U0171,C0020,2023-05-04,196.95
U0220,C0029,2023-06-11,87.76
U0337,C0050,2023-07-20,179.87
U0263,C0040,2024-03-29,53.68
U0172,C0019,2024-02-06,50.48
U0210,C0010,2024-04-06,15.91
U0394,C0002,2023-10-02,133.81
U0148,C0010,2023-07-25,80.01
U0067,C0069,2023-02-09,174.22
U0160,C0020,2023-09-30,99.9
U0423,C0048,2024-11-30,193.95
U0045,C0057,2023-04-03,45.24
U0496,C0091,2023-02-11,175.03
U0261,C0091,2024-04-09,157.54
U0494,C0075,2024-01-14,156.47
U0476,C0005,2023-04-17,0.0
U0219,C0055,2023-11-24,0.0
U0103,C0078,2023-03-06,170.5
U0082,C0002,2023-12-31,154.58
U0349,C0087,2024-10-08,128.97
U0143,C0050,2023-01-24,34.93
U0171,C0001,2024-06-23,16.17
U0218,C0002,2023-03-03,184.95
U0462,C0037,2024-05-05,127.15
U0097,C0010,2023-09-30,161.33
U0002,C0063,2023-08-17,101.48
U0025,C0070,2023-01-20,32.28
U0455,C0013,2023-01-03,33.78
U0323,C0091,2024-02-25,140.25
U0143,C0043,2024-12-30,91.75
U0090,C0010,2023-11-03,48.09
U0152,C0075,2024-03-07,103.39
U0055,C0079,2023-05-16,0.0
U0389,C0087,2023-07-12,22.19
U0222,C0073,2024-08-07,0.0
U0436,C0091,2024-02-19,120.56
U0133,C0039,2023-04-28,61.1
U0352,C0075,2024-10-27,161.53
U0429,C0100,2023-07-28,68.96
U0173,C0071,2023-02-03,0.0
U0376,C0009,2024-10-10,96.48
U0152,C0054,2023-11-14,0.0
U0156,C0057,2023-04-30,12.2
U0214,C0097,2024-06-08,23.75
U0364,C0012,2024-08-03,84.56
U0476,C0013,2023-03-30,101.18
U0298,C0093,2024-05-26,0.0
U0433,C0047,2023-02-16,123.99
U0088,C0057,2024-06-05,65.41
U0234,C0058,2023-10-11,0.0
U0056,C0008,2024-01-12,142.04
U0337,C0099,2024-09-29,0.0
U0313,C0059,2024-10-13,0.0
U0284,C0023,2023-11-14,173.41
U0173,C0052,2023-06-25,158.16
U0016,C0080,2024-11-16,0.0
U0113,C0008,2024-08-08,17.52
U0005,C0058,2023-12-17,0.0
U0283,C0080,2023-05-23,0.0
U0051,C0011,2024-02-02,101.29
U0438,C0002,2024-09-15,29.93
U0251,C0027,2024-12-18,0.0
U0343,C0057,2024-10-04,55.98
U0269,C0038,2024-05-15,197.46
U0041,C0057,2024-01-05,37.06
U0133,C0023,2024-08-01,104.78
U0387,C0037,2024-01-17,127.44
U0049,C0076,2023-03-27,143.46
U0033,C0096,2024-04-04,0.0
U0178,C0087,2023-11-21,116.32
U0047,C0054,2024-06-05,0.0
U0286,C0037,2024-05-03,11.85
U0117,C0029,2024-02-01,72.02
U0451,C0009,2023-12-21,108.36
U0388,C0009,2023-10-15,26.68
U0343,C0067,2024-04-03,0.0
U0304,C0022,2024-09-15,76.61
U0434,C0021,2024-06-19,16.3
U0114,C0100,2023-10-18,24.92
U0438,C0014,2023-06-17,85.41
U0393,C0010,2024-09-12,35.21
U0371,C0009,2024-03-03,117.82
U0270,C0056,2024-12-02,140.99
U0130,C0062,2024-05-04,0.0
U0205,C0031,2023-12-21,0.0
U0394,C0054,2023-07-15,0.0
U0010,C0079,2024-06-28,0.0
U0388,C0081,2024-12-17,162.1
U0126,C0097,2024-11-24,48.02
U0068,C0082,2024-10-20,0.0
U0056,C0054,2023-01-11,0.0
U0010,C0013,2024-08-04,41.81
U0251,C0009,2023-09-13,29.86
U0496,C0063,2024-12-31,130.91
U0277,C0081,2024-02-13,144.22
U0063,C0051,2023-12-28,15.99
U0451,C0054,2023-01-03,0.0
U0369,C0096,2023-03-25,0.0
U0036,C0057,2023-06-05,187.87
U0451,C0081,2024-10-24,19.86
U0394,C0080,2023-06-25,0.0
U0076,C0094,2024-12-07,112.84
U0019,C0075,2024-04-16,144.71
U0269,C0075,2024-09-10,175.47
U0177,C0053,2024-01-15,145.67
U0462,C0009,2024-10-28,162.32
U0271,C0097,2023-10-04,74.49
U0094,C0023,2023-08-24,164.81
U0065,C0087,2023-01-13,25.21
U0277,C0034,2023-12-08,180.01
U0379,C0029,2023-02-04,114.03
U0387,C0096,2024-07-12,0.0
U0146,C0031,2023-08-02,0.0
U0105,C0036,2024-02-16,165.28
U0006,C0009,2024-02-09,95.93
U0337,C0063,2024-05-08,132.27
U0036,C0023,2024-10-19,110.01
U0205,C0057,2023-06-08,148.99
U0297,C0057,2024-09-28,25.5
U0475,C0071,2023-04-20,0.0
U0160,C0075,2024-07-02,21.46
U0133,C0052,2024-06-09,56.94
U0305,C0086,2024-09-27,40.3
U0165,C0026,2023-10-06,0.0
U0472,C0051,2024-04-23,175.63
U0420,C0037,2023-04-21,51.64
U0115,C0087,2024-09-27,195.4
U0126,C0039,2024-03-06,74.0
U0245,C0034,2024-06-25,44.59
U0015,C0058,2023-03-31,0.0
U0323,C0051,2024-07-03,160.03
U0117,C0073,2024-08-17,0.0
U0337,C0100,2024-06-22,135.14
U0017,C0031,2023-12-26,0.0
U0162,C0020,2024-04-30,104.65
U0213,C0090,2024-01-07,115.51
U0452,C0081,2023-08-03,146.64
U0484,C0020,2023-01-15,53.4
U0216,C0015,2023-09-16,199.29
U0372,C0070,2024-04-07,195.2
U0256,C0027,2023-04-30,0.0
U0259,C0024,2023-05-08,0.0
U0112,C0023,2024-06-06,133.55
U0151,C0038,2024-11-18,47.9
U0268,C0073,2024-10-06,0.0
U0457,C0029,2023-11-16,139.23
U0113,C0050,2024-06-09,23.71
U0248,C0013,2023-02-19,15.81
U0349,C0050,2024-08-06,58.95
U0047,C0068,2023-03-10,97.89
U0161,C0005,2024-01-26,0.0
U0487,C0001,2024-01-18,174.96
U0138,C0008,2023-01-16,148.15
U0160,C0054,2024-03-14,0.0
U0413,C0087,2024-07-21,151.1
U0018,C0001,2024-09-08,90.83
U0223,C0096,2023-05-12,0.0
U0182,C0009,2024-07-13,75.72
U0161,C0086,2023-09-05,80.49
U0150,C0050,2023-09-30,197.64
U0047,C0062,2024-09-14,0.0
U0161,C0051,2023-12-15,17.61
U0015,C0050,2024-04-28,174.73
U0387,C0086,2024-07-03,119.94
U0193,C0075,2023-12-23,93.33
U0216,C0050,2023-11-14,147.79
U0450,C0009,2024-09-24,102.46
U0326,C0009,2023-02-17,175.94
U0002,C0080,2023-01-10,0.0
U0121,C0050,2023-02-05,181.12
U0052,C0064,2024-02-17,90.12
U0385,C0087,2024-04-06,62.59
U0239,C0062,2023-01-04,0.0
U0208,C0075,2023-02-13,122.54
U0133,C0075,2024-07-21,183.34
U0264,C0031,2024-07-07,0.0
U0145,C0023,2023-09-12,50.02
U0453,C0080,2023-04-24,0.0
U0111,C0032,2024-02-01,128.35
U0445,C0092,2023-06-23,129.99
U0269,C0008,2023-09-12,149.28
U0350,C0093,2023-10-04,0.0
U0163,C0032,2024-05-16,34.99
U0117,C0075,2024-03-16,146.0
U0110,C0063,2023-03-10,182.71
U0407,C0009,2023-11-22,44.13
U0214,C0081,2023-03-08,55.12
U0063,C0088,2023-10-31,194.56
U0184,C0012,2024-04-28,44.38
U0305,C0087,2024-07-01,172.32
U0220,C0090,2024-02-21,103.52
U0387,C0054,2023-06-08,0.0
U0500,C0062,2023-05-29,0.0
U0099,C0034,2023-01-27,56.96
U0207,C0071,2023-09-05,0.0
U0157,C0087,2023-04-11,175.43
U0103,C0062,2024-12-02,0.0
U0028,C0052,2023-04-06,94.6
U0447,C0011,2024-01-19,107.81
U0204,C0008,2023-10-09,78.24
U0465,C0008,2024-01-31,122.65
U0387,C0055,2023-10-05,0.0
U0063,C0034,2024-06-12,41.06
U0271,C0075,2023-09-20,84.3
U0215,C0024,2024-09-10,0.0
U0395,C0057,2024-08-02,194.18
U0361,C0054,2024-10-01,0.0
U0341,C0001,2023-10-20,59.04
U0171,C0008,2023-10-21,134.77
U0397,C0023,2024-08-30,71.78
U0019,C0091,2024-01-30,156.95
U0078,C0010,2024-05-27,34.86
U0168,C0070,2023-06-29,194.26
U0036,C0099,2024-11-23,0.0
U0119,C0079,2023-08-23,0.0
U0157,C0008,2024-03-18,96.21
U0141,C0047,2024-06-22,54.84
U0149,C0091,2024-10-19,23.95
U0148,C0062,2023-04-01,0.0
U0012,C0037,2023-09-29,42.24
U0111,C0031,2024-08-16,0.0
U0204,C0051,2023-08-07,108.75
U0430,C0098,2024-08-15,0.0
U0364,C0095,2024-08-04,74.02
U0479,C0090,2023-04-25,167.48
U0387,C0038,2023-09-20,91.86
U0161,C0068,2023-11-02,57.25
U0130,C0092,2024-10-15,127.25
U0343,C0087,2024-02-26,144.28
U0179,C0037,2023-07-26,41.73
U0271,C0009,2024-09-14,41.84
U0002,C0008,2023-10-30,16.96
U0026,C0056,2023-04-22,149.91
U0259,C0062,2024-02-21,0.0
U0271,C0087,2024-07-08,136.11
U0063,C0011,2024-10-01,100.17
U0246,C0032,2023-07-04,170.38
U0101,C0030,2023-08-09,163.07
U0201,C0063,2023-04-27,121.21
U0081,C0051,2023-03-11,174.96
U0114,C0071,2023-03-11,0.0
U0161,C0030,2024-09-13,49.1
U0135,C0029,2024-03-02,31.25
U0045,C0049,2024-10-05,61.24
U0046,C0090,2024-07-21,20.84
U0100,C0007,2024-03-18,110.91
U0018,C0080,2024-08-23,0.0
U0310,C0031,2023-05-17,0.0
U0151,C0087,2024-05-18,187.95
U0165,C0030,2023-08-06,17.47
U0328,C0068,2024-11-18,33.19
U0438,C0011,2023-06-20,95.91
U0377,C0092,2024-04-19,187.43
U0362,C0037,2024-09-03,70.06
U0234,C0045,2023-05-09,106.36
U0341,C0069,2023-02-26,17.89
U0266,C0082,2023-06-30,0.0
U0112,C0020,2023-09-03,38.18
U0108,C0062,2023-05-24,0.0
U0152,C0036,2023-02-20,197.45
U0458,C0031,2024-01-03,0.0
U0264,C0067,2024-04-03,0.0
U0172,C0029,2024-09-07,193.36
U0200,C0086,2024-07-20,10.93
U0061,C0009,2023-09-14,190.83
U0086,C0063,2023-06-05,131.42
U0408,C0021,2024-07-18,174.89
U0286,C0002,2024-03-17,96.39
U0169,C0011,2024-11-29,107.95
U0396,C0059,2024-10-23,0.0
U0130,C0070,2024-12-23,102.87
U0492,C0002,2023-01-25,136.69
U0172,C0006,2024-10-25,36.52
U0169,C0092,2024-06-19,15.68
U0160,C0008,2023-03-01,68.5
U0060,C0091,2024-04-11,143.88
U0053,C0020,2024-03-09,48.34
U0323,C0073,2023-03-07,0.0
U0439,C0026,2024-07-18,0.0
U0393,C0087,2023-04-16,137.94
U0066,C0068,2023-04-06,194.27
U0263,C0037,2024-11-18,27.83
U0051,C0008,2024-07-04,137.78
U0016,C0073,2023-06-17,0.0
U0325,C0060,2023-02-11,0.0
U0258,C0001,2023-04-14,94.3
U0039,C0001,2023-07-23,174.94
U0496,C0022,2023-10-09,43.65
U0216,C0045,2023-04-20,141.59
U0242,C0088,2023-07-29,169.23
U0057,C0093,2023-02-18,0.0
U0379,C0088,2024-10-10,189.47
U0316,C0057,2024-11-09,139.81
U0494,C0051,2024-12-11,104.45
U0385,C0002,2023-03-12,127.38
U0210,C0095,2024-06-02,175.08
U0217,C0008,2024-12-12,118.41
U0305,C0067,2023-12-02,0.0
U0328,C0078,2023-03-08,15.76
U0206,C0082,2023-06-30,0.0
U0149,C0024,2024-09-04,0.0
U0063,C0047,2024-08-21,186.87
U0049,C0023,2024-11-27,141.0
U0298,C0046,2024-08-25,138.53
U0251,C0091,2023-09-05,50.97
U0229,C0054,2023-12-25,0.0
U0238,C0037,2023-09-06,135.18
U0102,C0046,2024-09-29,84.82
U0393,C0039,2024-10-24,133.72
U0298,C0062,2023-06-25,0.0
U0244,C0043,2024-12-23,30.24
U0025,C0029,2024-03-01,134.98
U0151,C0034,2024-08-25,199.88
U0047,C0020,2024-12-03,19.15
U0486,C0093,2023-03-22,0.0
U0072,C0002,2024-03-08,195.65
U0447,C0002,2024-04-14,87.3
U0381,C0020,2023-05-06,175.43
U0001,C0008,2023-08-18,158.64
U0182,C0093,2024-04-04,0.0
U0068,C0090,2023-12-11,117.72
U0007,C0055,2023-11-06,0.0
U0222,C0001,2023-01-20,150.3
U0476,C0021,2024-07-14,176.91
U0163,C0037,2024-10-08,86.78
U0133,C0005,2024-04-21,0.0
U0323,C0057,2023-09-26,72.13
U0110,C0054,2023-01-03,0.0
U0060,C0023,2023-01-16,136.83
U0344,C0006,2024-08-28,163.48
U0054,C0100,2023-12-24,154.82
U0498,C0050,2024-10-07,161.57
U0095,C0075,2023-05-13,92.75
U0293,C0045,2023-11-08,165.38
U0202,C0007,2024-04-26,32.83
U0062,C0026,2024-06-27,0.0
U0308,C0086,2023-09-26,113.44
U0397,C0062,2024-02-18,0.0
U0419,C0023,2023-01-25,11.08
U0233,C0098,2023-11-12,0.0
U0333,C0100,2024-12-25,71.66
U0361,C0100,2024-10-29,79.62
U0238,C0015,2023-10-03,85.26
U0314,C0027,2024-01-24,0.0
U0397,C0050,2024-12-22,142.13
U0193,C0063,2024-03-19,83.82
U0397,C0054,2024-03-02,0.0
U0291,C0098,2023-02-26,0.0
U0083,C0071,2024-11-27,0.0
U0009,C0017,2024-07-19,95.24
U0263,C0067,2024-01-03,0.0
U0416,C0011,2023-12-08,55.12
U0062,C0079,2023-10-31,0.0
U0396,C0026,2024-01-09,0.0
U0433,C0029,2023-04-22,80.91
U0071,C0002,2023-01-06,53.17
U0426,C0068,2024-12-03,23.9
U0362,C0075,2024-01-17,124.65
U0389,C0050,2023-01-13,136.95
U0496,C0078,2023-10-30,127.69
U0300,C0057,2024-07-09,98.05
U0414,C0075,2023-06-09,82.15
U0303,C0008,2023-06-03,174.02
U0282,C0050,2023-06-30,108.62
U0133,C0012,2024-06-09,101.03
U0375,C0075,2023-06-29,14.86
U0039,C0093,2024-01-12,0.0
U0471,C0054,2023-06-17,0.0
U0163,C0054,2023-08-02,0.0
U0062,C0075,2023-05-30,74.83
U0215,C0001,2023-01-16,82.23
U0015,C0093,2023-04-01,0.0
U0337,C0015,2023-04-30,85.77
U0454,C0100,2023-09-10,120.22
U0414,C0073,2023-03-01,0.0
U0401,C0049,2023-01-31,111.37
U0471,C0055,2023-01-21,0.0
U0239,C0061,2024-08-15,0.0
U0161,C0062,2023-10-16,0.0
U0450,C0091,2024-06-26,125.49
U0151,C0008,2024-04-18,155.32
U0447,C0062,2024-07-01,0.0
U0004,C0020,2023-05-12,164.46
U0268,C0082,2023-05-12,0.0
U0070,C0057,2024-06-04,146.43
U0047,C0051,2023-01-30,191.54
U0404,C0029,2024-09-18,13.45
U0450,C0073,2023-10-28,0.0
U0267,C0008,2024-05-23,47.19
U0401,C0088,2023-08-25,11.43
U0184,C0051,2024-06-18,133.01
U0329,C0040,2023-01-16,180.62
U0496,C0059,2024-06-17,0.0
U0117,C0061,2024-08-06,0.0
U0189,C0010,2024-03-21,56.25
U0232,C0075,2024-05-17,186.13
U0063,C0023,2023-08-18,21.44
U0039,C0092,2023-04-17,187.53
U0408,C0081,2024-12-20,76.8
U0492,C0029,2024-01-24,29.26
U0198,C0081,2024-12-20,102.31
U0045,C0031,2023-09-20,0.0
U0029,C0009,2024-07-16,58.78
U0447,C0097,2023-03-06,64.12
U0162,C0046,2023-12-04,68.38
U0237,C0099,2023-06-24,0.0
U0430,C0010,2023-06-01,162.56
U0291,C0027,2024-04-20,0.0
U0341,C0050,2023-09-23,112.43
U0179,C0050,2023-11-25,69.14
U0365,C0049,2023-06-12,125.95
U0329,C0012,2024-03-13,146.06
U0059,C0010,2023-12-09,61.79
U0277,C0021,2024-01-02,88.56
U0133,C0093,2024-04-09,0.0
U0396,C0009,2023-07-18,33.15
U0206,C0075,2024-05-14,44.41
U0496,C0075,2023-01-16,139.4
U0047,C0081,2023-10-23,44.46
U0387,C0091,2024-05-25,109.77
U0334,C0023,2023-08-27,144.71
U0385,C0020,2024-08-03,30.3
U0158,C0047,2023-10-28,117.78
U0238,C0023,2023-01-06,58.74
U0394,C0073,2023-08-08,0.0
U0117,C0062,2024-03-28,0.0
U0117,C0090,2024-03-08,192.95
U0265,C0008,2024-01-21,101.86
U0251,C0093,2024-09-10,0.0
U0155,C0050,2023-04-28,163.13
U0148,C0040,2024-02-09,114.53
U0385,C0075,2024-11-10,18.24
U0323,C0037,2024-08-16,130.29
U0410,C0096,2024-07-19,0.0
U0492,C0092,2023-01-12,190.76
U0230,C0090,2023-07-28,124.3
U0029,C0008,2023-06-14,165.64
U0152,C0076,2024-06-02,177.99
U0143,C0009,2024-07-30,53.33
U0194,C0002,2024-09-05,50.28
U0323,C0099,2023-03-18,0.0
U0073,C0040,2023-02-17,126.08
U0492,C0054,2023-03-23,0.0
U0263,C0098,2024-12-21,0.0
U0063,C0021,2023-07-28,88.09
U0450,C0087,2024-03-20,169.56
U0032,C0054,2024-08-18,0.0
U0457,C0055,2024-06-05,0.0
U0497,C0029,2023-01-29,180.99
U0344,C0054,2023-10-31,0.0
U0169,C0075,2024-05-16,77.14
U0256,C0091,2024-09-19,55.0
U0364,C0031,2024-05-04,0.0
U0471,C0010,2024-03-03,158.29
U0492,C0068,2024-07-12,62.2
U0410,C0011,2023-12-25,166.29
U0486,C0098,2023-02-22,0.0
U0310,C0076,2024-12-30,90.5
U0473,C0002,2024-08-11,136.82
U0334,C0057,2023-07-23,28.14
U0158,C0068,2024-07-09,128.52
U0180,C0082,2023-06-05,0.0
U0393,C0050,2023-12-23,95.83
U0161,C0054,2024-07-22,0.0
U0280,C0011,2023-02-27,121.45
U0404,C0042,2023-06-29,41.91
U0223,C0085,2024-05-07,0.0
U0036,C0094,2024-10-30,150.0
U0083,C0062,2023-02-04,0.0
U0025,C0036,2023-03-16,173.92
U0239,C0021,2023-10-16,51.17
U0051,C0099,2024-01-06,0.0
U0055,C0099,2024-08-09,0.0
U0476,C0093,2023-11-25,0.0
U0438,C0078,2024-08-12,28.18
U0219,C0029,2023-10-31,14.48
U0495,C0081,2024-08-01,131.96
U0001,C0037,2023-08-09,125.34
U0302,C0029,2023-06-13,113.86
U0220,C0008,2024-03-30,54.06
U0193,C0008,2024-01-10,84.26
U0220,C0043,2023-08-08,122.94
U0204,C0043,2024-11-14,104.38
U0364,C0092,2023-09-11,197.67
U0091,C0010,2023-07-10,35.91
U0138,C0005,2024-01-24,0.0
U0251,C0008,2023-08-03,142.07
U0053,C0062,2024-01-10,0.0
U0437,C0039,2023-03-27,86.81
U0153,C0075,2024-04-18,91.35
U0081,C0100,2024-09-09,146.33
U0012,C0008,2023-02-16,141.55
U0306,C0009,2023-03-06,198.33
U0343,C0091,2024-04-19,34.38
U0111,C0054,2023-05-26,0.0
U0014,C0082,2024-01-17,0.0
U0179,C0087,2023-03-07,29.77
U0049,C0093,2024-05-31,0.0
U0056,C0096,2023-04-03,0.0
U0133,C0054,2024-03-01,0.0
U0152,C0029,2024-04-12,147.61
U0256,C0097,2023-04-04,119.88
U0292,C0008,2023-05-13,62.08
U0070,C0062,2024-03-09,0.0
U0087,C0057,2023-12-07,25.08
U0441,C0092,2023-11-10,26.27
U0269,C0062,2024-08-13,0.0
U0437,C0030,2023-07-31,179.89
U0181,C0098,2024-06-03,0.0
U0303,C0080,2023-06-08,0.0
U0162,C0023,2024-10-22,46.44
U0227,C0031,2024-08-25,0.0
U0240,C0063,2024-04-18,71.43
U0103,C0008,2024-02-14,53.05
U0161,C0021,2024-04-18,77.44
U0393,C0070,2023-12-22,23.18
U0464,C0050,2024-11-10,108.61
U0177,C0037,2023-07-12,22.84
U0158,C0010,2024-11-29,162.06
U0102,C0043,2023-09-28,54.4
U0496,C0001,2023-02-24,112.59
U0163,C0063,2023-03-06,177.21
U0191,C0099,2024-11-14,0.0
U0298,C0059,2023-09-29,0.0
U0226,C0029,2024-10-23,133.66
U0205,C0088,2023-12-28,111.25
U0497,C0020,2023-05-26,71.61
U0004,C0059,2023-07-28,0.0
U0070,C0017,2023-01-10,73.26
U0391,C0081,2023-07-05,137.19
U0171,C0062,2024-08-19,0.0
U0439,C0020,2024-04-08,198.88
U0117,C0055,2023-06-20,0.0
U0172,C0014,2024-06-13,135.74
U0056,C0100,2024-08-22,115.97
U0062,C0078,2023-01-27,148.81
U0097,C0093,2023-03-09,0.0
U0222,C0015,2024-02-12,98.38
U0374,C0097,2024-07-05,21.42
U0413,C0051,2023-03-15,116.83
U0103,C0082,2024-07-31,0.0
U0215,C0030,2024-11-10,191.94
U0103,C0038,2023-09-19,43.3
U0141,C0009,2024-01-03,141.09
U0241,C0009,2023-08-25,48.17
U0030,C0060,2024-12-27,0.0
U0113,C0063,2024-01-01,111.8
U0474,C0076,2023-10-13,28.36
U0223,C0054,2024-01-13,0.0
U0005,C0002,2024-01-11,95.56
U0130,C0011,2024-09-10,153.66
U0436,C0100,2024-10-14,76.03
U0204,C0064,2023-01-09,136.32
U0005,C0012,2023-07-15,161.13
U0232,C0071,2024-09-21,0.0
U0009,C0069,2023-10-17,186.15
U0406,C0020,2023-03-02,54.57
U0391,C0062,2024-07-16,0.0
U0149,C0036,2024-07-17,85.86
U0414,C0015,2024-09-25,38.95
U0263,C0073,2024-11-09,0.0
U0181,C0010,2023-01-08,198.56
U0310,C0087,2024-01-04,186.12
U0367,C0068,2024-01-10,112.58
U0128,C0054,2024-09-10,0.0
U0296,C0023,2023-01-27,169.98
U0185,C0038,2023-07-12,108.97
U0427,C0023,2023-12-23,128.47
U0444,C0011,2023-03-03,26.92
U0101,C0021,2024-09-24,153.49
U0231,C0064,2024-07-04,34.26
U0002,C0064,2024-01-15,166.94
U0009,C0051,2023-10-04,158.58
U0267,C0076,2024-08-28,144.65
U0248,C0086,2024-03-06,16.86
U0496,C0056,2023-04-25,67.58
U0103,C0060,2024-11-18,0.0
U0134,C0023,2023-05-01,59.98
U0054,C0092,2024-06-08,78.42
U0465,C0002,2024-02-20,26.64
U0387,C0030,2023-06-12,188.01
U0407,C0071,2024-11-18,0.0
U0454,C0008,2023-12-03,115.21
U0251,C0014,2024-01-14,68.04
U0218,C0057,2023-11-20,85.42
U0164,C0054,2023-06-22,0.0
U0290,C0073,2023-03-05,0.0
U0220,C0081,2023-04-11,94.96
U0218,C0010,2023-11-18,124.1
U0475,C0002,2023-03-07,107.97
U0494,C0067,2024-07-10,0.0
U0394,C0024,2024-08-21,0.0
U0083,C0048,2024-03-28,184.67
U0024,C0051,2023-09-16,104.41
U0341,C0057,2024-12-17,198.5
U0363,C0052,2024-03-01,171.76
U0017,C0050,2023-06-27,49.61
U0472,C0029,2023-10-07,186.8
U0150,C0008,2023-01-17,32.1
U0333,C0039,2023-10-23,165.31
U0085,C0031,2023-07-21,0.0
U0023,C0052,2024-11-14,82.31
U0165,C0024,2023-07-13,0.0
U0381,C0067,2023-05-29,0.0
U0203,C0088,2024-01-10,176.81
U0280,C0015,2024-01-04,174.92
U0009,C0009,2023-01-29,163.12
U0496,C0060,2023-08-09,0.0
U0014,C0043,2023-02-22,160.1
U0487,C0014,2023-12-19,67.88
U0485,C0010,2023-03-17,25.36
U0055,C0054,2024-05-08,0.0
U0085,C0073,2024-06-05,0.0
U0018,C0008,2023-04-27,86.56
U0304,C0091,2023-10-07,42.96
U0108,C0068,2024-12-30,142.03
U0289,C0019,2023-06-24,75.75
U0054,C0014,2023-10-22,195.36
U0165,C0039,2024-03-26,131.77
U0387,C0081,2024-06-01,166.26
U0212,C0087,2023-01-21,35.17
U0310,C0054,2023-03-14,0.0
U0323,C0087,2023-02-05,173.77
U0420,C0001,2024-05-21,185.31
U0163,C0005,2023-08-21,0.0
U0338,C0093,2024-12-28,0.0
U0484,C0076,2024-05-11,102.53
U0364,C0044,2023-07-25,125.18
U0237,C0075,2024-03-01,155.3
U0311,C0097,2023-02-13,43.21
U0366,C0075,2023-04-01,105.48
U0301,C0087,2024-04-14,85.74
U0006,C0075,2024-08-27,37.8
U0101,C0011,2024-04-11,79.82
U0399,C0086,2024-03-29,22.94
U0364,C0091,2023-11-29,14.89
U0181,C0046,2024-05-21,35.67
U0092,C0009,2023-08-16,192.98
U0483,C0023,2024-01-11,114.4
U0447,C0100,2023-05-10,193.5
U0323,C0097,2024-11-17,92.16
U0222,C0029,2024-09-11,69.24
U0334,C0100,2024-02-18,106.16
U0272,C0059,2024-02-08,0.0
U0025,C0007,2024-07-15,93.5
U0313,C0092,2024-08-29,30.07
U0496,C0089,2023-12-03,131.75
U0004,C0086,2024-10-05,51.04
U0364,C0085,2024-05-19,0.0
U0276,C0068,2023-10-03,127.71
U0209,C0023,2023-01-13,133.53
U0201,C0024,2023-08-12,0.0
U0173,C0002,2023-06-24,38.87
U0157,C0057,2024-01-20,21.65
U0344,C0087,2023-08-29,158.33
U0290,C0010,2024-06-30,97.35
U0172,C0001,2023-07-14,21.04
U0128,C0009,2024-02-01,199.01
U0325,C0008,2024-03-06,20.97
U0161,C0008,2023-11-30,142.05
U0115,C0071,2024-12-25,0.0
U0030,C0021,2024-02-14,196.89
U0408,C0090,2023-01-03,55.43
U0133,C0081,2024-11-21,37.02
U0230,C0097,2024-07-05,33.05
U0015,C0091,2024-03-27,67.61
U0343,C0095,2024-11-06,29.19
U0165,C0087,2024-05-09,141.5
U0368,C0068,2024-02-21,21.83
U0202,C0011,2024-01-26,106.78
U0102,C0023,2024-01-08,199.36
U0246,C0017,2024-09-19,164.64
U0063,C0058,2023-02-21,0.0
U0214,C0051,2024-01-11,126.88
U0161,C0088,2024-01-30,68.18
U0459,C0096,2023-05-22,0.0
U0025,C0037,2023-03-27,128.53
U0341,C0051,2024-04-08,110.13
U0094,C0099,2023-02-15,0.0
U0204,C0079,2023-01-10,0.0
U0457,C0020,2024-10-25,90.95
U0127,C0064,2024-07-26,34.82
U0047,C0021,2024-06-13,178.44
U0162,C0091,2024-08-20,95.45
U0051,C0054,2024-10-10,0.0
U0277,C0020,2024-09-07,46.97
U0025,C0050,2024-11-28,79.86
U0010,C0097,2023-06-27,88.67
U0350,C0075,2023-01-06,167.22
U0178,C0050,2023-11-03,149.38
U0061,C0029,2024-07-01,156.16
U0322,C0075,2023-12-22,12.09
U0146,C0078,2024-01-30,89.06
U0060,C0071,2024-06-09,0.0
U0290,C0062,2023-10-12,0.0
U0161,C0097,2023-11-26,101.45
U0310,C0094,2023-02-19,13.64
U0398,C0079,2024-09-13,0.0
U0301,C0071,2024-12-09,0.0
U0152,C0023,2024-01-13,59.35
U0164,C0038,2024-06-21,154.45
U0082,C0023,2023-05-24,36.04
U0092,C0034,2023-03-01,111.7
U0393,C0086,2023-03-16,50.88
U0184,C0010,2023-01-03,12.29
U0211,C0046,2024-07-28,55.82
U0290,C0006,2023-10-02,195.41
U0030,C0015,2024-06-13,162.28
U0410,C0082,2024-08-14,0.0
U0090,C0083,2023-08-03,192.31
U0361,C0023,2024-11-13,102.68
U0385,C0090,2024-04-29,30.84
U0351,C0075,2023-11-25,114.1
U0279,C0037,2023-09-12,96.32
U0005,C0075,2024-01-22,170.42
U0178,C0097,2023-05-06,28.63
U0299,C0046,2024-08-06,102.76
U0187,C0020,2024-07-03,38.5
U0434,C0096,2023-11-20,0.0
U0158,C0058,2023-07-23,0.0
U0166,C0051,2023-09-02,71.68
U0269,C0087,2023-12-02,150.09
U0349,C0054,2024-12-03,0.0
U0397,C0063,2023-07-01,100.43
U0404,C0020,2024-05-25,81.41
U0365,C0082,2024-12-17,0.0
U0108,C0005,2023-07-18,0.0
U0063,C0062,2023-11-28,0.0
U0317,C0030,2023-06-14,84.94
U0023,C0036,2024-10-03,97.28
U0063,C0029,2023-08-15,159.14
U0001,C0084,2024-09-25,179.49
U0455,C0023,2024-07-09,191.5
U0009,C0073,2024-03-26,0.0
U0109,C0009,2023-07-15,159.5
U0204,C0096,2023-07-23,0.0
U0173,C0060,2024-04-02,0.0
U0458,C0069,2023-09-14,69.92
U0013,C0023,2024-06-12,140.74
U0245,C0037,2023-09-29,93.13
U0337,C0020,2023-01-09,58.38
U0473,C0095,2023-07-20,169.76
U0307,C0050,2023-02-28,17.29
U0041,C0073,2024-10-13,0.0
U0185,C0031,2023-04-29,0.0
U0181,C0071,2024-07-06,0.0
U0447,C0063,2024-02-03,181.32
U0072,C0069,2023-11-27,97.67
U0072,C0050,2023-09-24,131.06
U0164,C0034,2024-06-03,135.27
U0023,C0020,2024-11-25,180.06
U0094,C0082,2024-04-24,0.0
U0486,C0059,2023-05-14,0.0
U0206,C0043,2024-11-23,130.96
U0313,C0096,2023-12-21,0.0
U0362,C0008,2024-08-06,126.64
U0070,C0100,2024-09-16,22.65
U0107,C0091,2023-04-17,108.49
U0161,C0081,2023-10-17,38.52
U0316,C0031,2024-09-20,0.0
U0193,C0020,2024-09-23,150.1
U0251,C0024,2023-11-23,0.0
U0469,C0012,2024-02-19,107.31
U0401,C0078,2023-07-29,139.23
U0407,C0027,2023-10-23,0.0
U0394,C0093,2024-02-02,0.0
U0163,C0086,2023-04-13,17.91
U0380,C0087,2024-09-27,26.1
U0068,C0075,2024-05-22,146.09
U0326,C0091,2023-07-28,23.69
U0321,C0080,2024-03-03,0.0
U0009,C0058,2024-01-28,0.0
U0392,C0023,2023-04-19,23.53
U0455,C0091,2023-12-14,12.29
U0142,C0086,2023-02-19,191.73
U0039,C0006,2024-02-24,150.12
U0234,C0008,2023-01-27,77.11
U0263,C0093,2023-09-30,0.0
U0471,C0097,2024-10-10,66.33
U0438,C0015,2023-12-06,76.43
U0390,C0063,2023-10-28,157.17
U0144,C0008,2024-04-24,135.65
U0459,C0072,2024-06-27,45.18
U0048,C0029,2024-07-10,43.07
U0426,C0064,2023-09-22,28.69
U0164,C0031,2024-06-25,0.0
U0022,C0010,2024-08-18,135.45
U0330,C0037,2023-06-15,155.22
U0128,C0055,2023-01-01,0.0
U0157,C0007,2023-09-18,60.35
U0027,C0054,2023-03-04,0.0
U0090,C0091,2024-04-27,13.97
U0216,C0091,2023-11-17,25.6
U0042,C0093,2023-07-20,0.0
U0121,C0010,2023-06-01,193.88
U0438,C0091,2024-09-17,66.12
U0152,C0099,2024-04-06,0.0
U0388,C0008,2023-08-05,156.14
U0396,C0031,2023-07-15,0.0
U0496,C0017,2023-07-21,128.68
U0296,C0075,2024-10-08,82.56
U0039,C0062,2023-08-22,0.0
U0310,C0050,2024-12-08,49.07
U0317,C0065,2024-05-12,0.0
U0158,C0076,2024-07-08,33.05
U0430,C0002,2023-02-26,126.84
U0484,C0091,2024-05-18,157.17
U0113,C0055,2023-05-22,0.0
U0045,C0081,2024-12-22,132.33
U0101,C0081,2024-08-06,110.75
U0334,C0009,2024-10-01,17.96
U0316,C0071,2023-04-16,0.0
U0195,C0010,2023-06-14,194.0
U0278,C0087,2023-08-03,161.75
U0158,C0071,2023-03-12,0.0
U0232,C0086,2024-12-16,65.63
U0393,C0024,2024-10-26,0.0
U0494,C0029,2024-08-01,196.18
U0474,C0063,2023-03-31,124.35
U0474,C0005,2023-08-16,0.0
U0196,C0071,2023-03-20,0.0
U0226,C0086,2024-08-30,120.65
U0346,C0037,2023-12-15,152.12
U0067,C0012,2023-09-29,164.23
U0157,C0029,2024-02-07,134.72
U0065,C0099,2024-10-30,0.0
U0301,C0100,2023-04-26,34.33
U0157,C0052,2024-03-10,74.26
U0163,C0095,2024-06-13,186.33
U0432,C0023,2023-01-16,52.67
U0117,C0094,2023-02-25,80.7
U0341,C0012,2024-08-13,92.08
U0311,C0056,2023-04-13,93.48
U0434,C0054,2023-10-11,0.0
U0063,C0073,2024-12-05,0.0
U0492,C0050,2024-05-31,126.45
U0496,C0011,2023-10-05,189.17
U0113,C0071,2023-09-26,0.0
U0023,C0055,2024-02-04,0.0
U0133,C0073,2024-05-17,0.0
U0252,C0010,2023-03-27,55.72
U0087,C0091,2023-11-16,33.08
U0083,C0057,2023-02-01,47.51
U0222,C0009,2023-12-02,178.51
U0011,C0046,2023-02-20,132.69
U0060,C0087,2023-03-20,64.31
U0204,C0092,2024-11-28,165.02
U0027,C0023,2023-06-23,173.65
U0192,C0070,2024-09-09,170.83
U0230,C0009,2024-05-15,184.59
U0218,C0005,2024-07-28,0.0
U0437,C0054,2023-03-17,0.0
U0256,C0068,2023-11-12,57.92
U0225,C0080,2024-01-08,0.0
U0201,C0029,2023-03-22,153.45
U0405,C0001,2024-10-01,97.49
U0451,C0050,2024-11-25,169.97
U0146,C0039,2024-10-13,148.4
U0017,C0023,2023-03-12,157.52
U0473,C0057,2023-02-15,134.66
U0328,C0008,2023-02-16,43.7
U0369,C0010,2024-08-13,113.55
U0160,C0068,2024-02-26,197.08
U0420,C0010,2023-05-29,188.09
U0135,C0062,2023-05-10,0.0
U0182,C0037,2024-09-30,18.19
U0274,C0013,2024-09-22,41.3
U0232,C0009,2024-05-19,35.02
U0432,C0055,2023-09-01,0.0
U0051,C0093,2024-04-18,0.0
U0268,C0008,2024-01-17,147.93
U0246,C0038,2023-04-13,165.37
U0149,C0069,2024-05-03,50.56
U0407,C0046,2023-02-06,106.1
U0374,C0080,2024-10-15,0.0
U0364,C0013,2024-07-02,169.72
U0439,C0097,2024-06-03,149.22
U0360,C0034,2023-11-29,113.02
U0346,C0090,2023-10-23,122.16
U0158,C0054,2023-04-17,0.0
U0127,C0052,2024-06-13,106.58
U0031,C0071,2023-03-24,0.0
U0368,C0056,2023-10-15,66.52
U0350,C0011,2024-12-06,117.34
U0117,C0063,2024-04-05,140.88
U0372,C0010,2023-08-03,175.92
U0466,C0080,2023-10-08,0.0
U0052,C0100,2024-04-03,130.89
U0117,C0032,2023-12-10,154.6
U0372,C0043,2023-07-13,40.4
U0146,C0008,2023-06-07,97.69
U0310,C0002,2024-04-09,11.76
U0219,C0010,2023-02-03,56.86
U0365,C0043,2023-04-12,148.02
U0338,C0081,2024-09-30,198.43
U0404,C0091,2024-12-26,28.83
U0440,C0054,2023-11-21,0.0
U0332,C0063,2024-08-14,86.27
U0258,C0058,2024-04-18,0.0
U0012,C0054,2023-01-31,0.0
U0398,C0002,2023-03-04,162.0
U0149,C0096,2023-10-31,0.0
U0388,C0088,2023-03-02,48.76
U0447,C0099,2024-01-31,0.0
U0194,C0054,2023-11-30,0.0
U0433,C0079,2024-02-15,0.0
U0258,C0062,2024-04-10,0.0
U0430,C0029,2023-03-21,115.46
U0163,C0048,2024-11-22,149.27
U0481,C0087,2023-03-18,127.03
U0060,C0024,2024-06-23,0.0
U0007,C0093,2023-12-27,0.0
U0455,C0020,2023-03-18,45.71
U0030,C0075,2024-05-23,77.51
U0480,C0075,2023-01-09,158.91
U0063,C0039,2023-06-24,115.29
U0259,C0095,2024-04-06,10.98
U0095,C0062,2023-11-03,0.0
U0026,C0062,2023-09-02,0.0
U0115,C0023,2023-05-02,154.58
U0178,C0023,2023-07-04,16.7
U0213,C0037,2023-02-01,151.68
U0492,C0087,2024-07-22,48.46
U0365,C0064,2024-01-07,192.02
U0259,C0036,2024-10-17,79.9
U0416,C0023,2024-08-18,72.11
U0171,C0096,2023-02-25,0.0
U0496,C0095,2024-04-08,38.28
U0334,C0010,2024-03-31,68.05
U0420,C0087,2024-10-31,176.55
U0464,C0064,2023-09-06,199.29
U0352,C0014,2024-11-28,79.97
U0163,C0080,2024-06-17,0.0
U0008,C0045,2023-04-18,95.23
U0377,C0063,2023-09-30,147.18
U0015,C0029,2023-01-15,178.37
U0436,C0033,2024-01-05,122.67
U0059,C0100,2023-10-31,84.38
U0087,C0021,2024-11-02,88.39
U0231,C0051,2023-07-24,142.16
U0365,C0087,2023-04-23,10.6
U0064,C0020,2024-11-10,127.71
U0214,C0037,2023-09-10,77.53
U0233,C0060,2024-03-16,0.0
U0056,C0046,2023-08-15,160.89
U0413,C0031,2024-06-11,0.0
U0240,C0057,2024-10-29,27.66
U0005,C0061,2023-12-20,0.0
U0493,C0008,2023-01-01,121.75
U0242,C0096,2024-07-13,0.0
U0375,C0054,2023-06-10,0.0
U0291,C0094,2023-05-08,101.37
U0344,C0014,2024-12-22,132.03
U0101,C0039,2023-05-31,22.31
U0217,C0036,2024-03-19,120.19
U0408,C0037,2024-04-15,116.67
U0324,C0009,2024-04-07,116.52
U0202,C0081,2024-12-30,124.65
U0328,C0006,2023-01-30,138.52
U0058,C0054,2024-04-17,0.0
U0195,C0062,2024-07-10,0.0
U0394,C0016,2023-03-21,0.0
U0113,C0092,2023-02-08,162.94
U0095,C0086,2023-08-28,61.26
U0480,C0049,2024-07-10,166.75
U0109,C0037,2024-08-12,104.66
U0136,C0020,2023-12-03,24.63
U0487,C0073,2023-10-07,0.0
U0364,C0010,2023-04-26,21.11
U0343,C0064,2023-09-26,73.5
U0426,C0087,2023-12-01,159.12
U0056,C0020,2023-11-08,144.45
U0346,C0088,2023-02-22,159.83
U0242,C0005,2023-03-09,0.0
U0408,C0093,2024-11-24,0.0
U0243,C0009,2023-02-03,108.27
U0306,C0062,2024-01-21,0.0
U0311,C0010,2024-02-14,93.63
U0314,C0055,2023-06-28,0.0
U0256,C0062,2024-08-26,0.0
U0471,C0002,2023-07-21,38.01
U0407,C0055,2024-03-20,0.0
U0270,C0037,2023-10-24,72.35
U0332,C0031,2023-11-04,0.0
U0471,C0014,2024-12-23,92.45
U0305,C0039,2024-05-07,26.82
U0339,C0023,2024-10-07,51.91
U0265,C0057,2023-03-07,123.65
U0127,C0076,2024-02-26,149.77
U0487,C0029,2024-09-20,199.68
U0326,C0059,2024-05-07,0.0
U0271,C0090,2023-11-13,187.28
U0474,C0002,2024-09-17,132.08
U0286,C0039,2023-03-16,90.03
U0251,C0020,2024-12-14,130.86
U0377,C0035,2023-02-28,159.26
U0350,C0037,2024-01-21,32.47
U0099,C0075,2023-01-15,87.87
U0229,C0009,2023-08-19,169.55
U0229,C0052,2024-09-08,82.92
U0248,C0050,2023-07-18,118.65
U0203,C0073,2023-12-20,0.0
U0103,C0034,2023-02-04,121.67
U0202,C0096,2023-06-11,0.0
U0031,C0050,2024-04-15,45.04
U0277,C0055,2024-06-14,0.0
U0362,C0023,2023-12-14,78.81
U0178,C0008,2024-11-24,73.55
U0045,C0069,2023-05-27,14.97
U0103,C0050,2024-01-09,14.59
U0263,C0092,2024-11-18,168.01
